"Sample_ID","Species_Name","Scientific_Name","PacFIN_Species_Code","RecFIN_Species_Code","Year","Project_ID","Capture_Date","CRFS_District","Port","Vessel","CDFW_Vessel_Number","Institution","Fork_Length_mm","Sex","Maturity","Comments"
"202310-1012-39022-GSPT-432","Greenspotted Rockfish","Sebastes chlorostictus","GSPT",8826010143,"2023","1012",2023-10-29,"District 2 - Channel","Santa Barbara","Stardust","39022","UCSB",304,"F","1",NA
"202310-1012-28054-GSPT-760","Greenspotted Rockfish","Sebastes chlorostictus","GSPT",8826010143,"2023","1012",2023-10-27,"District 2 - Channel","Channel Islands","Mirage","28054","SIO",358,"F","1","STAGE 6"
"202307-1012-73873-GSPT-21","Greenspotted Rockfish","Sebastes chlorostictus","GSPT",8826010143,"2023","1012",2023-07-03,"District 3 - Central","Moss Landing","Last Meal","73873","MLML",331,"F","1",NA
"202410-1012-06810-GSPT-735","Greenspotted Rockfish","Sebastes chlorostictus","GSPT",8826010143,"2024","1012",2024-10-04,"District 5 - Wine","Fort Bragg","Kyndall Lynn","06810","BML",240,"F","0",NA
"202309-1012-05978-GSPT-677","Greenspotted Rockfish","Sebastes chlorostictus","GSPT",8826010143,"2023","1012",2023-09-23,"District 5 - Wine","Shelter Cove","Sea Hawk","05978","SIO",365,"M","1",NA
"202410-1012-28054-GSPT-764","Greenspotted Rockfish","Sebastes chlorostictus","GSPT",8826010143,"2024","1012",2024-10-25,"District 2 - Channel","Channel Islands","Mirage","28054","UCSB",332,"M","1",NA
"202411-1012-33680-GSPT-303","Greenspotted Rockfish","Sebastes chlorostictus","GSPT",8826010143,"2024","1012",2024-11-17,"District 3 - Central","Morro Bay","Fiesta","33680","CP",274,"F","1",NA
"202412-1012-12758-GSPT-886","Greenspotted Rockfish","Sebastes chlorostictus","GSPT",8826010143,"2024","1012",2024-12-19,"District 2 - Channel","Santa Barbara","Coral Sea","12758","UCSB",350,"M","1",NA
"202310-1012-12758-GSPT-394","Greenspotted Rockfish","Sebastes chlorostictus","GSPT",8826010143,"2023","1012",2023-10-26,"District 2 - Channel","Santa Barbara","Coral Sea","12758","UCSB",284,"F","1",NA
"202412-1012-16699-GSPT-270","Greenspotted Rockfish","Sebastes chlorostictus","GSPT",8826010143,"2024","1012",2024-12-06,"District 1 - South","Long Beach","Eldorado","16699","NMFS",280,"F","1","STAGE 7"
"202306-1012-03233-GSPT-27","Greenspotted Rockfish","Sebastes chlorostictus","GSPT",8826010143,"2023","1012",2023-06-23,"District 1 - South","San Diego","Premier","03233","SIO",315,"F","1","Resting"
"202405-1012-28054-GSPT-195","Greenspotted Rockfish","Sebastes chlorostictus","GSPT",8826010143,"2024","1012",2024-05-31,"District 2 - Channel","Channel Islands","Mirage","28054","UCSB",344,"M","1",NA
"202412-1012-12758-GSPT-887","Greenspotted Rockfish","Sebastes chlorostictus","GSPT",8826010143,"2024","1012",2024-12-20,"District 2 - Channel","Santa Barbara","Coral Sea","12758","UCSB",257,"M","0",NA
"202311-1012-12758-GSPT-553","Greenspotted Rockfish","Sebastes chlorostictus","GSPT",8826010143,"2023","1012",2023-12-15,"District 2 - Channel","Santa Barbara","Coral Sea","12758","UCSB",320,"F","1",NA
"202411-1012-33680-GSPT-302","Greenspotted Rockfish","Sebastes chlorostictus","GSPT",8826010143,"2024","1012",2024-11-17,"District 3 - Central","Morro Bay","Fiesta","33680","CP",288,"F","1",NA
"202310-1012-12758-GSPT-395","Greenspotted Rockfish","Sebastes chlorostictus","GSPT",8826010143,"2023","1012",2023-10-26,"District 2 - Channel","Santa Barbara","Coral Sea","12758","UCSB",331,"M","1",NA
"202412-1012-28054-GSPT-474","Greenspotted Rockfish","Sebastes chlorostictus","GSPT",8826010143,"2024","1012",2024-12-15,"District 2 - Channel","Channel Islands","Mirage","28054","NMFS",410,"M","1","RIPE"
"202404-1012-73873-GSPT-39","Greenspotted Rockfish","Sebastes chlorostictus","GSPT",8826010143,"2024","1012",2024-04-01,"District 3 - Central","Moss Landing","Last Meal","73873","MLML",303,"M","1",NA
"202408-1012-39022-GSPT-561","Greenspotted Rockfish","Sebastes chlorostictus","GSPT",8826010143,"2024","1012",2024-08-29,"District 2 - Channel","Santa Barbara","Stardust","39022","UCSB",239,"F","0","1 BROKEN OTOLITH (SPLIT IN HALF)"
"202408-1012-12758-GSPT-428","Greenspotted Rockfish","Sebastes chlorostictus","GSPT",8826010143,"2024","1012",2024-08-30,"District 2 - Channel","Santa Barbara","Coral Sea","12758","UCSB",271,"F","1",NA
"202407-1012-04990-GSPT-240","Greenspotted Rockfish","Sebastes chlorostictus","GSPT",8826010143,"2024","1012",2024-07-03,"District 1 - South","Marina Del Rey","Betty-O","04990","SIO",228,"U","UNK","PERFORATED BUT - NO SEX; INCORRECTLY ID AS HONEYCOMB"
"202410-1012-06810-GSPT-733","Greenspotted Rockfish","Sebastes chlorostictus","GSPT",8826010143,"2024","1012",2024-10-04,"District 5 - Wine","Fort Bragg","Kyndall Lynn","06810","BML",265,"M","0",NA
"202310-1012-73873-GSPT-293","Greenspotted Rockfish","Sebastes chlorostictus","GSPT",8826010143,"2023","1012",2023-10-27,"District 3 - Central","Moss Landing","Last Meal","73873","MLML",307,"F","1","stage = 5"
"202408-1012-39022-GSPT-457","Greenspotted Rockfish","Sebastes chlorostictus","GSPT",8826010143,"2024","1012",2024-08-23,"District 2 - Channel","Santa Barbara","Stardust","39022","UCSB",162,"F","0",NA
"202411-1012-12758-GSPT-820","Greenspotted Rockfish","Sebastes chlorostictus","GSPT",8826010143,"2024","1012",2024-11-29,"District 2 - Channel","Santa Barbara","Coral Sea","12758","UCSB",309,"F","1",NA
"202310-1012-12758-GSPT-429","Greenspotted Rockfish","Sebastes chlorostictus","GSPT",8826010143,"2023","1012",2023-10-26,"District 2 - Channel","Santa Barbara","Coral Sea","12758","UCSB",302,"M","1",NA
"202404-1012-73873-GSPT-43","Greenspotted Rockfish","Sebastes chlorostictus","GSPT",8826010143,"2024","1012",2024-04-07,"District 3 - Central","Moss Landing","Last Meal","73873","MLML",306,"F","1","Stage 3"
"202311-1012-73873-GSPT-299","Greenspotted Rockfish","Sebastes chlorostictus","GSPT",8826010143,"2023","1012",2023-11-04,"District 3 - Central","Moss Landing","Last Meal","73873","MLML",350,"M","1",NA
"202410-1012-73873-GSPT-613","Greenspotted Rockfish","Sebastes chlorostictus","GSPT",8826010143,"2024","1012",2024-10-04,"District 3 - Central","Moss Landing","Last Meal","73873","MLML",369,"M","1",NA
"202408-1012-39022-GSPT-563","Greenspotted Rockfish","Sebastes chlorostictus","GSPT",8826010143,"2024","1012",2024-08-29,"District 2 - Channel","Santa Barbara","Stardust","39022","UCSB",242,"F","1",NA
"202410-1012-73873-GSPT-614","Greenspotted Rockfish","Sebastes chlorostictus","GSPT",8826010143,"2024","1012",2024-10-04,"District 3 - Central","Moss Landing","Last Meal","73873","MLML",344,"M","0",NA
"202406-1012-28054-GSPT-334","Greenspotted Rockfish","Sebastes chlorostictus","GSPT",8826010143,"2024","1012",2024-06-22,"District 2 - Channel","Channel Islands","Mirage","28054","UCSB",394,"M","1",NA
"202412-1012-12758-GSPT-925","Greenspotted Rockfish","Sebastes chlorostictus","GSPT",8826010143,"2024","1012",2024-12-20,"District 2 - Channel","Santa Barbara","Coral Sea","12758","UCSB",332,"M","1",NA
"202405-1012-28054-GSPT-184","Greenspotted Rockfish","Sebastes chlorostictus","GSPT",8826010143,"2024","1012",2024-05-31,"District 2 - Channel","Channel Islands","Mirage","28054","UCSB",353,"F","1",NA
"202404-1012-73861-GSPT-60","Greenspotted Rockfish","Sebastes chlorostictus","GSPT",8826010143,"2024","1012",2024-04-24,"District 3 - Central","Santa Cruz","Big Anchovy","73861","MLML",340,"F","1","stage = 4"
"202412-1012-28054-GSPT-955","Greenspotted Rockfish","Sebastes chlorostictus","GSPT",8826010143,"2024","1012",2024-12-08,"District 2 - Channel","Channel Islands","Mirage","28054","UCSB",423,"M","1",NA
"202404-1012-06810-GSPT-30","Greenspotted Rockfish","Sebastes chlorostictus","GSPT",8826010143,"2024","1012",2024-04-20,"District 5 - Wine","Fort Bragg","Kyndall Lynn","06810","BML",265,"M","1","Frozen no fin clips collected"
"202408-1012-12758-GSPT-433","Greenspotted Rockfish","Sebastes chlorostictus","GSPT",8826010143,"2024","1012",2024-08-23,"District 2 - Channel","Santa Barbara","Coral Sea","12758","UCSB",251,"M","0",NA
"202410-1012-06810-GSPT-795","Greenspotted Rockfish","Sebastes chlorostictus","GSPT",8826010143,"2024","1012",2024-10-10,"District 5 - Wine","Fort Bragg","Kyndall Lynn","06810","BML",290,"M","0",NA
"202307-1012-03233-GSPT-33","Greenspotted Rockfish","Sebastes chlorostictus","GSPT",8826010143,"2023","1012",2023-07-07,"District 1 - South","San Diego","Premier","03233","SIO",318,"M","0","1 whole and 1 broken otolith"
"202412-1012-39022-GSPT-799","Greenspotted Rockfish","Sebastes chlorostictus","GSPT",8826010143,"2024","1012",2024-12-16,"District 2 - Channel","Santa Barbara","Stardust","39022","UCSB",235,"M","0",NA
"202410-1012-73873-GSPT-672","Greenspotted Rockfish","Sebastes chlorostictus","GSPT",8826010143,"2024","1012",2024-10-04,"District 3 - Central","Moss Landing","Last Meal","73873","MLML",316,"M","1",NA
"202308-1012-73873-GSPT-117","Greenspotted Rockfish","Sebastes chlorostictus","GSPT",8826010143,"2023","1012",2023-08-09,"District 3 - Central","Moss Landing","Last Meal","73873","MLML",372,"F","1","stage = 5"
"202405-1012-12758-GSPT-158","Greenspotted Rockfish","Sebastes chlorostictus","GSPT",8826010143,"2024","1012",2024-05-29,"District 2 - Channel","Santa Barbara","Coral Sea","12758","UCSB",282,"F","1",NA
"202408-1012-12758-GSPT-439","Greenspotted Rockfish","Sebastes chlorostictus","GSPT",8826010143,"2024","1012",2024-08-23,"District 2 - Channel","Santa Barbara","Coral Sea","12758","UCSB",270,"M","0",NA
"202411-1012-33680-GSPT-300","Greenspotted Rockfish","Sebastes chlorostictus","GSPT",8826010143,"2024","1012",2024-11-17,"District 3 - Central","Morro Bay","Fiesta","33680","CP",338,"M","1",NA
"202406-1012-28054-GSPT-276","Greenspotted Rockfish","Sebastes chlorostictus","GSPT",8826010143,"2024","1012",2024-06-09,"District 2 - Channel","Channel Islands","Mirage","28054","UCSB",389,"F","1",NA
"202307-1012-73873-GSPT-17","Greenspotted Rockfish","Sebastes chlorostictus","GSPT",8826010143,"2023","1012",2023-07-03,"District 3 - Central","Moss Landing","Last Meal","73873","MLML",349,"M","0",NA
"202412-1012-12758-GSPT-882","Greenspotted Rockfish","Sebastes chlorostictus","GSPT",8826010143,"2024","1012",2024-12-18,"District 2 - Channel","Santa Barbara","Coral Sea","12758","UCSB",271,"F","1",NA
"202307-1012-12758-GSPT-186","Greenspotted Rockfish","Sebastes chlorostictus","GSPT",8826010143,"2023","1012",2023-07-30,"District 2 - Channel","Santa Barbara","Coral Sea","12758","UCSB",337,"F","1",NA
"202406-1012-28054-GSPT-313","Greenspotted Rockfish","Sebastes chlorostictus","GSPT",8826010143,"2024","1012",2024-06-22,"District 2 - Channel","Channel Islands","Mirage","28054","UCSB",349,"F","1",NA
"202412-1012-12758-GSPT-924","Greenspotted Rockfish","Sebastes chlorostictus","GSPT",8826010143,"2024","1012",2024-12-20,"District 2 - Channel","Santa Barbara","Coral Sea","12758","UCSB",311,"M","1",NA
"202404-1012-06810-GSPT-2","Greenspotted Rockfish","Sebastes chlorostictus","GSPT",8826010143,"2024","1012",2024-04-20,"District 5 - Wine","Fort Bragg","Kyndall Lynn","06810","BML",315,"F","1","Frozen no fin clips collected; huge yellow ovary; stage 3"
"202410-1012-39022-GSPT-643","Greenspotted Rockfish","Sebastes chlorostictus","GSPT",8826010143,"2024","1012",2024-10-17,"District 2 - Channel","Santa Barbara","Stardust","39022","UCSB",328,"M","1",NA
"202311-1012-12758-GSPT-565","Greenspotted Rockfish","Sebastes chlorostictus","GSPT",8826010143,"2023","1012",2023-12-15,"District 2 - Channel","Santa Barbara","Coral Sea","12758","UCSB",322,"F","1",NA
"202310-1012-73873-GSPT-294","Greenspotted Rockfish","Sebastes chlorostictus","GSPT",8826010143,"2023","1012",2023-10-27,"District 3 - Central","Moss Landing","Last Meal","73873","MLML",275,"U","UNK","gut punctured, can't find gonads"
"202411-1012-33680-GSPT-301","Greenspotted Rockfish","Sebastes chlorostictus","GSPT",8826010143,"2024","1012",2024-11-17,"District 3 - Central","Morro Bay","Fiesta","33680","CP",296,"F","1",NA
"202404-1012-73861-GSPT-58","Greenspotted Rockfish","Sebastes chlorostictus","GSPT",8826010143,"2024","1012",2024-04-18,"District 3 - Central","Santa Cruz","Big Anchovy","73861","MLML",400,"M","1",NA
"202404-1012-28054-GSPT-74","Greenspotted Rockfish","Sebastes chlorostictus","GSPT",8826010143,"2024","1012",2024-04-29,"District 2 - Channel","Channel Islands","Mirage","28054","UCSB",259,"F","1",NA
"202408-1012-39022-GSPT-454","Greenspotted Rockfish","Sebastes chlorostictus","GSPT",8826010143,"2024","1012",2024-08-23,"District 2 - Channel","Santa Barbara","Stardust","39022","UCSB",198,"F","0",NA
"202405-1012-04990-GSPT-69","Greenspotted Rockfish","Sebastes chlorostictus","GSPT",8826010143,"2024","1012",2024-05-22,"District 1 - South","Marina Del Rey","Betty-O","04990","NMFS",290,"F","0","MEASURED TO WHOLE AND HALD MM; FILLETED THROUGH BODY CAVITY - HARD TO SEX"
"202404-1012-73861-GSPT-54","Greenspotted Rockfish","Sebastes chlorostictus","GSPT",8826010143,"2024","1012",2024-04-18,"District 3 - Central","Santa Cruz","Big Anchovy","73861","MLML",341,"F","1","stage = 4"
"202404-1012-73861-GSPT-62","Greenspotted Rockfish","Sebastes chlorostictus","GSPT",8826010143,"2024","1012",2024-04-24,"District 3 - Central","Santa Cruz","Big Anchovy","73861","MLML",289,"M","1",NA
"202411-1012-28054-GSPT-941","Greenspotted Rockfish","Sebastes chlorostictus","GSPT",8826010143,"2024","1012",2024-11-30,"District 2 - Channel","Channel Islands","Mirage","28054","UCSB",392,"F","1",NA
"202306-1012-38325-GSPT-50","Greenspotted Rockfish","Sebastes chlorostictus","GSPT",8826010143,"2023","1012",2023-06-24,"District 3 - Central","Moss Landing","Kahuna","38325","MLML",366,"F","1",NA
"202311-1012-12758-GSPT-571","Greenspotted Rockfish","Sebastes chlorostictus","GSPT",8826010143,"2023","1012",2023-12-15,"District 2 - Channel","Santa Barbara","Coral Sea","12758","UCSB",306,"M","1",NA
"202311-1012-12758-GSPT-450","Greenspotted Rockfish","Sebastes chlorostictus","GSPT",8826010143,"2023","1012",2023-11-20,"District 2 - Channel","Santa Barbara","Coral Sea","12758","UCSB",295,"F","1",NA
"202310-1012-73873-GSPT-297","Greenspotted Rockfish","Sebastes chlorostictus","GSPT",8826010143,"2023","1012",2023-10-27,"District 3 - Central","Moss Landing","Last Meal","73873","MLML",341,"F","1","stage = 5"
"202306-1012-38325-GSPT-42","Greenspotted Rockfish","Sebastes chlorostictus","GSPT",8826010143,"2023","1012",2023-06-24,"District 3 - Central","Moss Landing","Kahuna","38325","MLML",318,"M","1",NA
"202311-1012-12758-GSPT-561","Greenspotted Rockfish","Sebastes chlorostictus","GSPT",8826010143,"2023","1012",2023-12-15,"District 2 - Channel","Santa Barbara","Coral Sea","12758","UCSB",320,"F","1",NA
"202410-1012-06810-GSPT-777","Greenspotted Rockfish","Sebastes chlorostictus","GSPT",8826010143,"2024","1012",2024-10-19,"District 5 - Wine","Fort Bragg","Kyndall Lynn","06810","BML",275,"M","1",NA
"202306-1012-38325-GSPT-38","Greenspotted Rockfish","Sebastes chlorostictus","GSPT",8826010143,"2023","1012",2023-06-24,"District 3 - Central","Moss Landing","Kahuna","38325","MLML",359,"M","1",NA
"202311-1012-12758-GSPT-512","Greenspotted Rockfish","Sebastes chlorostictus","GSPT",8826010143,"2023","1012",2023-11-30,"District 2 - Channel","Santa Barbara","Coral Sea","12758","UCSB",410,"F","1",NA
"202310-1012-39022-GSPT-440","Greenspotted Rockfish","Sebastes chlorostictus","GSPT",8826010143,"2023","1012",2023-10-29,"District 2 - Channel","Santa Barbara","Stardust","39022","UCSB",380,"F","1",NA
"202306-1012-37423-GSPT-406","Greenspotted Rockfish","Sebastes chlorostictus","GSPT",8826010143,"2023","1012",2023-06-26,"District 4 - San Francisco","Pillar Point","Queen of Hearts","37423","NMFS",310,"F","1","lengths rounded to every 5 mm?, resting transitioning, Dave & Neosha assigned sample # 255 , S7+"
"202307-1012-73873-GSPT-18","Greenspotted Rockfish","Sebastes chlorostictus","GSPT",8826010143,"2023","1012",2023-07-03,"District 3 - Central","Moss Landing","Last Meal","73873","MLML",375,"F","1",NA
"202410-1012-06810-GSPT-761","Greenspotted Rockfish","Sebastes chlorostictus","GSPT",8826010143,"2024","1012",2024-10-19,"District 5 - Wine","Fort Bragg","Kyndall Lynn","06810","BML",270,"M","0",NA
"202406-1012-04990-GSPT-244","Greenspotted Rockfish","Sebastes chlorostictus","GSPT",8826010143,"2024","1012",2024-06-26,"District 1 - South","Marina Del Rey","Betty-O","04990","SIO",284,"F","1","STAGE 5"
"202408-1012-04990-GSPT-488","Greenspotted Rockfish","Sebastes chlorostictus","GSPT",8826010143,"2024","1012",2024-08-30,"District 1 - South","Marina Del Rey","Betty-O","04990","SIO",244,"F","0",NA
"202311-1012-12758-GSPT-547","Greenspotted Rockfish","Sebastes chlorostictus","GSPT",8826010143,"2023","1012",2023-12-15,"District 2 - Channel","Santa Barbara","Coral Sea","12758","UCSB",313,"M","1",NA
"202412-1012-39022-GSPT-794","Greenspotted Rockfish","Sebastes chlorostictus","GSPT",8826010143,"2024","1012",2024-12-11,"District 2 - Channel","Santa Barbara","Stardust","39022","UCSB",320,"M","1",NA
"202412-1012-12758-GSPT-919","Greenspotted Rockfish","Sebastes chlorostictus","GSPT",8826010143,"2024","1012",2024-12-19,"District 2 - Channel","Santa Barbara","Coral Sea","12758","UCSB",327,"F","1",NA
"202410-1012-12758-GSPT-695","Greenspotted Rockfish","Sebastes chlorostictus","GSPT",8826010143,"2024","1012",2024-10-27,"District 2 - Channel","Santa Barbara","Coral Sea","12758","UCSB",300,"F","1",NA
"202405-1012-12758-GSPT-167","Greenspotted Rockfish","Sebastes chlorostictus","GSPT",8826010143,"2024","1012",2024-05-29,"District 2 - Channel","Santa Barbara","Coral Sea","12758","UCSB",323,"M","1",NA
"202310-1012-39022-GSPT-390","Greenspotted Rockfish","Sebastes chlorostictus","GSPT",8826010143,"2023","1012",2023-10-15,"District 2 - Channel","Santa Barbara","Stardust","39022","UCSB",281,"F","1",NA
"202404-1012-73873-GSPT-17","Greenspotted Rockfish","Sebastes chlorostictus","GSPT",8826010143,"2024","1012",2024-04-01,"District 3 - Central","Moss Landing","Last Meal","73873","MLML",265,"M","0",NA
"202404-1012-28054-GSPT-63","Greenspotted Rockfish","Sebastes chlorostictus","GSPT",8826010143,"2024","1012",2024-04-29,"District 2 - Channel","Channel Islands","Mirage","28054","UCSB",352,"M","1",NA
"202311-1012-12758-GSPT-509","Greenspotted Rockfish","Sebastes chlorostictus","GSPT",8826010143,"2023","1012",2023-11-30,"District 2 - Channel","Santa Barbara","Coral Sea","12758","UCSB",353,"F","1","Gut cut open"
"202411-1012-12758-GSPT-844","Greenspotted Rockfish","Sebastes chlorostictus","GSPT",8826010143,"2024","1012",2024-11-29,"District 2 - Channel","Santa Barbara","Coral Sea","12758","UCSB",381,"F","1",NA
"202412-1012-12758-GSPT-885","Greenspotted Rockfish","Sebastes chlorostictus","GSPT",8826010143,"2024","1012",2024-12-20,"District 2 - Channel","Santa Barbara","Coral Sea","12758","UCSB",336,"F","1",NA
"202311-1012-73873-GSPT-317","Greenspotted Rockfish","Sebastes chlorostictus","GSPT",8826010143,"2023","1012",2023-11-24,"District 3 - Central","Moss Landing","Last Meal","73873","MLML",384,"F","1","stage = 5"
"202311-1012-05978-GSPT-378","Greenspotted Rockfish","Sebastes chlorostictus","GSPT",8826010143,"2023","1012",2023-11-28,"District 5 - Wine","Shelter Cove","Sea Hawk","05978","HSU",387,"F","1",NA
"202311-1012-12758-GSPT-552","Greenspotted Rockfish","Sebastes chlorostictus","GSPT",8826010143,"2023","1012",2023-12-15,"District 2 - Channel","Santa Barbara","Coral Sea","12758","UCSB",326,"F","1",NA
"202412-1012-12758-GSPT-926","Greenspotted Rockfish","Sebastes chlorostictus","GSPT",8826010143,"2024","1012",2024-12-20,"District 2 - Channel","Santa Barbara","Coral Sea","12758","UCSB",315,"M","1",NA
"202411-1012-12758-GSPT-816","Greenspotted Rockfish","Sebastes chlorostictus","GSPT",8826010143,"2024","1012",2024-11-29,"District 2 - Channel","Santa Barbara","Coral Sea","12758","UCSB",396,"M","1",NA
"202410-1012-06810-GSPT-773","Greenspotted Rockfish","Sebastes chlorostictus","GSPT",8826010143,"2024","1012",2024-10-19,"District 5 - Wine","Fort Bragg","Kyndall Lynn","06810","BML",266,"M","0",NA
"202404-1012-28054-GSPT-72","Greenspotted Rockfish","Sebastes chlorostictus","GSPT",8826010143,"2024","1012",2024-04-29,"District 2 - Channel","Channel Islands","Mirage","28054","UCSB",335,"F","1",NA
"202410-1012-12758-GSPT-692","Greenspotted Rockfish","Sebastes chlorostictus","GSPT",8826010143,"2024","1012",2024-10-27,"District 2 - Channel","Santa Barbara","Coral Sea","12758","UCSB",371,"F","1","GILL FILAMENT CLIP CONTAMINATED WITH OTHER SAMPLES"
"202405-1012-28054-GSPT-190","Greenspotted Rockfish","Sebastes chlorostictus","GSPT",8826010143,"2024","1012",2024-05-31,"District 2 - Channel","Channel Islands","Mirage","28054","UCSB",344,"M","1",NA
"202408-1012-04990-GSPT-493","Greenspotted Rockfish","Sebastes chlorostictus","GSPT",8826010143,"2024","1012",2024-08-07,"District 1 - South","Marina Del Rey","Betty-O","04990","SIO",190,"U","UNK","MISSIDENTIFIED AS A STARRY ROCKFISH; PERFORATED GUT - CANNOT SEX"
"202306-1012-38325-GSPT-37","Greenspotted Rockfish","Sebastes chlorostictus","GSPT",8826010143,"2023","1012",2023-06-24,"District 3 - Central","Moss Landing","Kahuna","38325","MLML",306,"F","1",NA
"202411-1012-28054-GSPT-931","Greenspotted Rockfish","Sebastes chlorostictus","GSPT",8826010143,"2024","1012",2024-11-30,"District 2 - Channel","Channel Islands","Mirage","28054","UCSB",369,"M","1",NA
"202306-1012-38325-GSPT-44","Greenspotted Rockfish","Sebastes chlorostictus","GSPT",8826010143,"2023","1012",2023-06-24,"District 3 - Central","Moss Landing","Kahuna","38325","MLML",385,"M","1",NA
"202311-1012-28054-GSPT-811","Greenspotted Rockfish","Sebastes chlorostictus","GSPT",8826010143,"2023","1012",2023-11-25,"District 2 - Channel","Channel Islands","Mirage","28054","SIO",384,"M","1",NA
"202307-1012-12758-GSPT-204","Greenspotted Rockfish","Sebastes chlorostictus","GSPT",8826010143,"2023","1012",2023-07-30,"District 2 - Channel","Santa Barbara","Coral Sea","12758","UCSB",258,"M","0",NA
"202404-1012-73861-GSPT-61","Greenspotted Rockfish","Sebastes chlorostictus","GSPT",8826010143,"2024","1012",2024-04-24,"District 3 - Central","Santa Cruz","Big Anchovy","73861","MLML",328,"F","1","stage = 3"
"202311-1012-28054-GSPT-812","Greenspotted Rockfish","Sebastes chlorostictus","GSPT",8826010143,"2023","1012",2023-11-25,"District 2 - Channel","Channel Islands","Mirage","28054","SIO",384,"M","1",NA
"202412-1012-12758-GSPT-943","Greenspotted Rockfish","Sebastes chlorostictus","GSPT",8826010143,"2024","1012",2024-12-19,"District 2 - Channel","Santa Barbara","Coral Sea","12758","UCSB",318,"M","1",NA
"202311-1012-12758-GSPT-568","Greenspotted Rockfish","Sebastes chlorostictus","GSPT",8826010143,"2023","1012",2023-12-15,"District 2 - Channel","Santa Barbara","Coral Sea","12758","UCSB",309,"F","1",NA
"202411-1012-28054-GSPT-934","Greenspotted Rockfish","Sebastes chlorostictus","GSPT",8826010143,"2024","1012",2024-11-30,"District 2 - Channel","Channel Islands","Mirage","28054","UCSB",335,"F","1",NA
"202404-1012-16699-GSPT-4","Greenspotted Rockfish","Sebastes chlorostictus","GSPT",8826010143,"2024","1012",2024-04-30,"District 1 - South","Long Beach","Eldorado","16699","SIO",370,"M","1","VESSEL CREW IDENTIFIED FISH AS GREENBLOTCHED"
"202310-1012-12758-GSPT-399","Greenspotted Rockfish","Sebastes chlorostictus","GSPT",8826010143,"2023","1012",2023-10-26,"District 2 - Channel","Santa Barbara","Coral Sea","12758","UCSB",362,"F","1",NA
"202311-1012-12758-GSPT-562","Greenspotted Rockfish","Sebastes chlorostictus","GSPT",8826010143,"2023","1012",2023-12-15,"District 2 - Channel","Santa Barbara","Coral Sea","12758","UCSB",301,"F","1",NA
"202408-1012-12758-GSPT-425","Greenspotted Rockfish","Sebastes chlorostictus","GSPT",8826010143,"2024","1012",2024-08-30,"District 2 - Channel","Santa Barbara","Coral Sea","12758","UCSB",355,"F","1",NA
"202311-1012-28054-GSPT-820","Greenspotted Rockfish","Sebastes chlorostictus","GSPT",8826010143,"2023","1012",2023-11-25,"District 2 - Channel","Channel Islands","Mirage","28054","SIO",415,"M","1",NA
"202404-1012-28054-GSPT-59","Greenspotted Rockfish","Sebastes chlorostictus","GSPT",8826010143,"2024","1012",2024-04-29,"District 2 - Channel","Channel Islands","Mirage","28054","UCSB",375,"M","1",NA
"202406-1012-12758-GSPT-225","Greenspotted Rockfish","Sebastes chlorostictus","GSPT",8826010143,"2024","1012",2024-06-21,"District 2 - Channel","Santa Barbara","Coral Sea","12758","UCSB",367,"M","1",NA
"202310-1012-12758-GSPT-423","Greenspotted Rockfish","Sebastes chlorostictus","GSPT",8826010143,"2023","1012",2023-10-26,"District 2 - Channel","Santa Barbara","Coral Sea","12758","UCSB",312,"F","1",NA
"202404-1012-06810-GSPT-36","Greenspotted Rockfish","Sebastes chlorostictus","GSPT",8826010143,"2024","1012",2024-04-25,"District 5 - Wine","Fort Bragg","Kyndall Lynn","06810","BML",315,"F","1","Frozen no fin clips collected"
"202307-1012-73873-GSPT-22","Greenspotted Rockfish","Sebastes chlorostictus","GSPT",8826010143,"2023","1012",2023-07-03,"District 3 - Central","Moss Landing","Last Meal","73873","MLML",415,"M","1",NA
"202408-1012-04990-GSPT-487","Greenspotted Rockfish","Sebastes chlorostictus","GSPT",8826010143,"2024","1012",2024-08-30,"District 1 - South","Marina Del Rey","Betty-O","04990","SIO",176,"M","0",NA
"202311-1012-28054-GSPT-789","Greenspotted Rockfish","Sebastes chlorostictus","GSPT",8826010143,"2023","1012",2023-11-10,"District 2 - Channel","Channel Islands","Mirage","28054","SIO",328,"M","1","ID AS GREENSTRIPED ON TAG BUT ACTUALLY GREENSPOTTED"
"202306-1012-38325-GSPT-27","Greenspotted Rockfish","Sebastes chlorostictus","GSPT",8826010143,"2023","1012",2023-06-24,"District 3 - Central","Moss Landing","Kahuna","38325","MLML",308,"F","1",NA
"202404-1012-73861-GSPT-56","Greenspotted Rockfish","Sebastes chlorostictus","GSPT",8826010143,"2024","1012",2024-04-18,"District 3 - Central","Santa Cruz","Big Anchovy","73861","MLML",312,"F","1",NA
"202410-1012-06810-GSPT-851","Greenspotted Rockfish","Sebastes chlorostictus","GSPT",8826010143,"2024","1012",2024-10-10,"District 5 - Wine","Fort Bragg","Kyndall Lynn","06810","BML",251,"M","0",NA
"202412-1012-12758-GSPT-912","Greenspotted Rockfish","Sebastes chlorostictus","GSPT",8826010143,"2024","1012",2024-12-19,"District 2 - Channel","Santa Barbara","Coral Sea","12758","UCSB",359,"M","1",NA
"202311-1012-28054-GSPT-790","Greenspotted Rockfish","Sebastes chlorostictus","GSPT",8826010143,"2023","1012",2023-11-10,"District 2 - Channel","Channel Islands","Mirage","28054","SIO",349,"M","1","ID AS GREENSTRIPED ON TAG BUT ACTUALLY GREENSPOTTED"
"202408-1012-04990-GSPT-491","Greenspotted Rockfish","Sebastes chlorostictus","GSPT",8826010143,"2024","1012",2024-08-28,"District 1 - South","Marina Del Rey","Betty-O","04990","SIO",181,"M","0","MISSIDENTIFIED AS A STARRY ROCKFISH"
"202310-1012-73873-GSPT-232","Greenspotted Rockfish","Sebastes chlorostictus","GSPT",8826010143,"2023","1012",2023-10-02,"District 3 - Central","Moss Landing","Last Meal","73873","MLML",305,"M","1",NA
"202308-1012-73873-GSPT-152","Greenspotted Rockfish","Sebastes chlorostictus","GSPT",8826010143,"2023","1012",2023-08-15,"District 3 - Central","Moss Landing","Last Meal","73873","MLML",333,"F","1","stage = 5"
"202410-1012-12758-GSPT-640","Greenspotted Rockfish","Sebastes chlorostictus","GSPT",8826010143,"2024","1012",2024-10-27,"District 2 - Channel","Santa Barbara","Coral Sea","12758","UCSB",362,"M","1",NA
"202412-1012-16699-GSPT-268","Greenspotted Rockfish","Sebastes chlorostictus","GSPT",8826010143,"2024","1012",2024-12-06,"District 1 - South","Long Beach","Eldorado","16699","NMFS",310,"F","1","STAGE 7"
"202410-1012-06810-GSPT-731","Greenspotted Rockfish","Sebastes chlorostictus","GSPT",8826010143,"2024","1012",2024-10-04,"District 5 - Wine","Fort Bragg","Kyndall Lynn","06810","BML",274,"M","1",NA
"202310-1012-73873-GSPT-233","Greenspotted Rockfish","Sebastes chlorostictus","GSPT",8826010143,"2023","1012",2023-10-02,"District 3 - Central","Moss Landing","Last Meal","73873","MLML",342,"M","1",NA
"202410-1012-06810-GSPT-738","Greenspotted Rockfish","Sebastes chlorostictus","GSPT",8826010143,"2024","1012",2024-10-19,"District 5 - Wine","Fort Bragg","Kyndall Lynn","06810","BML",238,"F","1",NA
"202410-1012-33680-GSPT-297","Greenspotted Rockfish","Sebastes chlorostictus","GSPT",8826010143,"2024","1012",2024-10-18,"District 3 - Central","Morro Bay","Fiesta","33680","CP",256,"M","1",NA
"202306-1012-03233-GSPT-60","Greenspotted Rockfish","Sebastes chlorostictus","GSPT",8826010143,"2023","1012",2023-06-23,"District 1 - South","San Diego","Premier","03233","SIO",302,"F","1",NA
"202405-1012-04990-GSPT-81","Greenspotted Rockfish","Sebastes chlorostictus","GSPT",8826010143,"2024","1012",2024-05-29,"District 1 - South","Marina Del Rey","Betty-O","04990","NMFS",290,"F","1","MEASURED TO WHOLE AND HALD MM; FILLETED THROUGH BODY CAVITY - HARD TO SEX; S7"
"202311-1012-12758-GSPT-545","Greenspotted Rockfish","Sebastes chlorostictus","GSPT",8826010143,"2023","1012",2023-12-15,"District 2 - Channel","Santa Barbara","Coral Sea","12758","UCSB",258,"M","1",NA
"202310-1012-06810-GSPT-1010","Greenspotted Rockfish","Sebastes chlorostictus","GSPT",8826010143,"2023","1012",2023-10-12,"District 5 - Wine","Fort Bragg","Kyndall Lynn","06810","SIO",395,"M","1","IDENTIFIED AS CANARY BUT ACTUALLY GREENSPOTTED"
"202410-1012-12758-GSPT-651","Greenspotted Rockfish","Sebastes chlorostictus","GSPT",8826010143,"2024","1012",2024-10-27,"District 2 - Channel","Santa Barbara","Coral Sea","12758","UCSB",349,"M","1",NA
"202408-1012-12758-GSPT-408","Greenspotted Rockfish","Sebastes chlorostictus","GSPT",8826010143,"2024","1012",2024-08-30,"District 2 - Channel","Santa Barbara","Coral Sea","12758","UCSB",298,"M","0",NA
"202406-1012-16699-GSPT-160","Greenspotted Rockfish","Sebastes chlorostictus","GSPT",8826010143,"2024","1012",2024-06-01,"District 1 - South","Long Beach","Eldorado","16699","NMFS",430,"M","1",NA
"202306-1012-29746-GSPT-446","Greenspotted Rockfish","Sebastes chlorostictus","GSPT",8826010143,"2023","1012",2023-06-16,"District 4 - San Francisco","Emeryville","Sea Wolf","29746","NMFS",312,"M","1","Dave & Neosha assigned sample # 295 , S"
"202306-1012-38325-GSPT-45","Greenspotted Rockfish","Sebastes chlorostictus","GSPT",8826010143,"2023","1012",2023-06-24,"District 3 - Central","Moss Landing","Kahuna","38325","MLML",304,"M","0",NA
"202404-1012-73861-GSPT-59","Greenspotted Rockfish","Sebastes chlorostictus","GSPT",8826010143,"2024","1012",2024-04-18,"District 3 - Central","Santa Cruz","Big Anchovy","73861","MLML",336,"M","1","1 otolith broken"
"202311-1012-12758-GSPT-444","Greenspotted Rockfish","Sebastes chlorostictus","GSPT",8826010143,"2023","1012",2023-11-20,"District 2 - Channel","Santa Barbara","Coral Sea","12758","UCSB",320,"F","0",NA
"202408-1012-39022-GSPT-572","Greenspotted Rockfish","Sebastes chlorostictus","GSPT",8826010143,"2024","1012",2024-08-29,"District 2 - Channel","Santa Barbara","Stardust","39022","UCSB",221,"F","1",NA
"202411-1012-12758-GSPT-827","Greenspotted Rockfish","Sebastes chlorostictus","GSPT",8826010143,"2024","1012",2024-11-29,"District 2 - Channel","Santa Barbara","Coral Sea","12758","UCSB",245,"M","0",NA
"202410-1012-33680-GSPT-296","Greenspotted Rockfish","Sebastes chlorostictus","GSPT",8826010143,"2024","1012",2024-10-18,"District 3 - Central","Morro Bay","Fiesta","33680","CP",390,"M","1",NA
"202404-1012-03233-GSPT-34","Greenspotted Rockfish","Sebastes chlorostictus","GSPT",8826010143,"2024","1012",2024-04-17,"District 1 - South","San Diego","Premier","03233","SIO",272,"F","1","STAGE 7 (RESTING)"
"202311-1012-12758-GSPT-559","Greenspotted Rockfish","Sebastes chlorostictus","GSPT",8826010143,"2023","1012",2023-12-15,"District 2 - Channel","Santa Barbara","Coral Sea","12758","UCSB",326,"F","0",NA
"202311-1012-28054-GSPT-821","Greenspotted Rockfish","Sebastes chlorostictus","GSPT",8826010143,"2023","1012",2023-11-25,"District 2 - Channel","Channel Islands","Mirage","28054","SIO",376,"F","1","STAGE 6"
"202405-1012-28054-GSPT-180","Greenspotted Rockfish","Sebastes chlorostictus","GSPT",8826010143,"2024","1012",2024-05-31,"District 2 - Channel","Channel Islands","Mirage","28054","UCSB",321,"M","1",NA
"202406-1012-39022-GSPT-300","Greenspotted Rockfish","Sebastes chlorostictus","GSPT",8826010143,"2024","1012",2024-06-29,"District 2 - Channel","Santa Barbara","Stardust","39022","UCSB",328,"M","1",NA
"202408-1012-39045-GSPT-518","Greenspotted Rockfish","Sebastes chlorostictus","GSPT",8826010143,"2024","1012",2024-08-29,"District 1 - South","Mission Bay","Outer Limits","39045","SIO",420,"F","1","STAGE 7"
"202410-1012-39022-GSPT-668","Greenspotted Rockfish","Sebastes chlorostictus","GSPT",8826010143,"2024","1012",2024-10-17,"District 2 - Channel","Santa Barbara","Stardust","39022","UCSB",297,"F","1",NA
"202307-1012-73873-GSPT-20","Greenspotted Rockfish","Sebastes chlorostictus","GSPT",8826010143,"2023","1012",2023-07-03,"District 3 - Central","Moss Landing","Last Meal","73873","MLML",368,"F","1",NA
"202412-1012-28054-GSPT-793","Greenspotted Rockfish","Sebastes chlorostictus","GSPT",8826010143,"2024","1012",2024-11-09,"District 2 - Channel","Channel Islands","Mirage","28054","UCSB",339,"F","1",NA
"202310-1012-06810-GSPT-1031","Greenspotted Rockfish","Sebastes chlorostictus","GSPT",8826010143,"2023","1012",2023-10-29,"District 5 - Wine","Fort Bragg","Kyndall Lynn","06810","SIO",315,"F","1","STAGE 5"
"202308-1012-33680-GSPT-71","Greenspotted Rockfish","Sebastes chlorostictus","GSPT",8826010143,"2023","1012",2023-08-04,"District 3 - Central","Morro Bay","Fiesta","33680","CP",310,"M","0",NA
"202405-1012-28054-GSPT-187","Greenspotted Rockfish","Sebastes chlorostictus","GSPT",8826010143,"2024","1012",2024-05-31,"District 2 - Channel","Channel Islands","Mirage","28054","UCSB",289,"F","1",NA
"202306-1012-03233-GSPT-63","Greenspotted Rockfish","Sebastes chlorostictus","GSPT",8826010143,"2023","1012",2023-06-23,"District 1 - South","San Diego","Premier","03233","SIO",336,"F","1",NA
"202410-1012-39022-GSPT-670","Greenspotted Rockfish","Sebastes chlorostictus","GSPT",8826010143,"2024","1012",2024-10-17,"District 2 - Channel","Santa Barbara","Stardust","39022","UCSB",349,"M","1",NA
"202405-1012-12758-GSPT-152","Greenspotted Rockfish","Sebastes chlorostictus","GSPT",8826010143,"2024","1012",2024-05-29,"District 2 - Channel","Santa Barbara","Coral Sea","12758","UCSB",260,"M","0",NA
"202406-1012-28054-GSPT-271","Greenspotted Rockfish","Sebastes chlorostictus","GSPT",8826010143,"2024","1012",2024-06-09,"District 2 - Channel","Channel Islands","Mirage","28054","UCSB",394,"F","1",NA
"202410-1012-28054-GSPT-761","Greenspotted Rockfish","Sebastes chlorostictus","GSPT",8826010143,"2024","1012",2024-10-25,"District 2 - Channel","Channel Islands","Mirage","28054","UCSB",393,"M","1",NA
"202410-1012-28054-GSPT-758","Greenspotted Rockfish","Sebastes chlorostictus","GSPT",8826010143,"2024","1012",2024-10-25,"District 2 - Channel","Channel Islands","Mirage","28054","UCSB",357,"F","1",NA
"202406-1012-39022-GSPT-309","Greenspotted Rockfish","Sebastes chlorostictus","GSPT",8826010143,"2024","1012",2024-06-30,"District 2 - Channel","Santa Barbara","Stardust","39022","UCSB",272,"F","1",NA
"202410-1012-12758-GSPT-636","Greenspotted Rockfish","Sebastes chlorostictus","GSPT",8826010143,"2024","1012",2024-10-27,"District 2 - Channel","Santa Barbara","Coral Sea","12758","UCSB",296,"F","1",NA
"202311-1012-12758-GSPT-591","Greenspotted Rockfish","Sebastes chlorostictus","GSPT",8826010143,"2023","1012",2023-12-15,"District 2 - Channel","Santa Barbara","Coral Sea","12758","UCSB",336,"F","1",NA
"202311-1012-05978-GSPT-375","Greenspotted Rockfish","Sebastes chlorostictus","GSPT",8826010143,"2023","1012",2023-11-28,"District 5 - Wine","Shelter Cove","Sea Hawk","05978","HSU",397,"F","1",NA
"202311-1012-12758-GSPT-550","Greenspotted Rockfish","Sebastes chlorostictus","GSPT",8826010143,"2023","1012",2023-12-15,"District 2 - Channel","Santa Barbara","Coral Sea","12758","UCSB",321,"F","1",NA
"202408-1012-39022-GSPT-482","Greenspotted Rockfish","Sebastes chlorostictus","GSPT",8826010143,"2024","1012",2024-08-23,"District 2 - Channel","Santa Barbara","Stardust","39022","UCSB",286,"M","0",NA
"202404-1012-06810-GSPT-3","Greenspotted Rockfish","Sebastes chlorostictus","GSPT",8826010143,"2024","1012",2024-04-25,"District 5 - Wine","Fort Bragg","Kyndall Lynn","06810","BML",290,"F","1","Frozen no fin clips collected"
"202410-1012-06810-GSPT-785","Greenspotted Rockfish","Sebastes chlorostictus","GSPT",8826010143,"2024","1012",2024-10-10,"District 5 - Wine","Fort Bragg","Kyndall Lynn","06810","BML",335,"M","1",NA
"202408-1012-12758-GSPT-446","Greenspotted Rockfish","Sebastes chlorostictus","GSPT",8826010143,"2024","1012",2024-08-23,"District 2 - Channel","Santa Barbara","Coral Sea","12758","UCSB",361,"F","1",NA
"202408-1012-04990-GSPT-505","Greenspotted Rockfish","Sebastes chlorostictus","GSPT",8826010143,"2024","1012",2024-08-30,"District 1 - South","Marina Del Rey","Betty-O","04990","SIO",151,"M","0",NA
"202405-1012-12758-GSPT-165","Greenspotted Rockfish","Sebastes chlorostictus","GSPT",8826010143,"2024","1012",2024-05-29,"District 2 - Channel","Santa Barbara","Coral Sea","12758","UCSB",312,"M","1",NA
"202404-1012-12360-GSPT-140","Greenspotted Rockfish","Sebastes chlorostictus","GSPT",8826010143,"2024","1012",2024-04-25,"District 1 - South","Dana Point","Sum Fun","12360","SIO",199,"F","0",NA
"202404-1012-73861-GSPT-55","Greenspotted Rockfish","Sebastes chlorostictus","GSPT",8826010143,"2024","1012",2024-04-18,"District 3 - Central","Santa Cruz","Big Anchovy","73861","MLML",312,"M","1",NA
"202308-1012-73873-GSPT-122","Greenspotted Rockfish","Sebastes chlorostictus","GSPT",8826010143,"2023","1012",2023-08-09,"District 3 - Central","Moss Landing","Last Meal","73873","MLML",348,"F","1","stage = 3, see photo"
"202410-1012-73873-GSPT-621","Greenspotted Rockfish","Sebastes chlorostictus","GSPT",8826010143,"2024","1012",2024-10-04,"District 3 - Central","Moss Landing","Last Meal","73873","MLML",369,"M","0",NA
"202310-1012-12758-GSPT-402","Greenspotted Rockfish","Sebastes chlorostictus","GSPT",8826010143,"2023","1012",2023-10-26,"District 2 - Channel","Santa Barbara","Coral Sea","12758","UCSB",346,"F","1",NA
"202404-1012-16699-GSPT-60","Greenspotted Rockfish","Sebastes chlorostictus","GSPT",8826010143,"2024","1012",2024-04-30,"District 1 - South","Long Beach","Eldorado","16699","SIO",285,"M","0","VESSEL CREW IDENTIFIED AS GREENBLOTCHED"
"202410-1012-28054-GSPT-614","Greenspotted Rockfish","Sebastes chlorostictus","GSPT",8826010143,"2024","1012",2024-10-13,"District 2 - Channel","Channel Islands","Mirage","28054","UCSB",364,"F","1",NA
"202306-1012-29746-GSPT-448","Greenspotted Rockfish","Sebastes chlorostictus","GSPT",8826010143,"2023","1012",2023-06-16,"District 4 - San Francisco","Emeryville","Sea Wolf","29746","NMFS",286,"M","1","Dave & Neosha assigned sample # 297 , S"
"202312-1012-06810-GSPT-1093","Greenspotted Rockfish","Sebastes chlorostictus","GSPT",8826010143,"2023","1012",2023-12-14,"District 5 - Wine","Fort Bragg","Kyndall Lynn","06810","SIO",360,"M","1",NA
"202310-1012-73873-GSPT-295","Greenspotted Rockfish","Sebastes chlorostictus","GSPT",8826010143,"2023","1012",2023-10-27,"District 3 - Central","Moss Landing","Last Meal","73873","MLML",378,"M","1",NA
"202410-1012-73873-GSPT-677","Greenspotted Rockfish","Sebastes chlorostictus","GSPT",8826010143,"2024","1012",2024-10-04,"District 3 - Central","Moss Landing","Last Meal","73873","MLML",355,"M","1",NA
"202311-1012-12758-GSPT-577","Greenspotted Rockfish","Sebastes chlorostictus","GSPT",8826010143,"2023","1012",2023-12-15,"District 2 - Channel","Santa Barbara","Coral Sea","12758","UCSB",275,"M","1",NA
"202408-1012-39022-GSPT-462","Greenspotted Rockfish","Sebastes chlorostictus","GSPT",8826010143,"2024","1012",2024-08-23,"District 2 - Channel","Santa Barbara","Stardust","39022","UCSB",226,"F","0",NA
"202310-1012-12758-GSPT-416","Greenspotted Rockfish","Sebastes chlorostictus","GSPT",8826010143,"2023","1012",2023-10-26,"District 2 - Channel","Santa Barbara","Coral Sea","12758","UCSB",348,"M","1",NA
"202311-1012-73873-GSPT-301","Greenspotted Rockfish","Sebastes chlorostictus","GSPT",8826010143,"2023","1012",2023-11-04,"District 3 - Central","Moss Landing","Last Meal","73873","MLML",309,"M","1",NA
"202311-1012-28054-GSPT-818","Greenspotted Rockfish","Sebastes chlorostictus","GSPT",8826010143,"2023","1012",2023-11-25,"District 2 - Channel","Channel Islands","Mirage","28054","SIO",392,"M","1",NA
"202405-1012-12758-GSPT-178","Greenspotted Rockfish","Sebastes chlorostictus","GSPT",8826010143,"2024","1012",2024-05-29,"District 2 - Channel","Santa Barbara","Coral Sea","12758","UCSB",355,"F","1",NA
"202311-1012-12758-GSPT-580","Greenspotted Rockfish","Sebastes chlorostictus","GSPT",8826010143,"2023","1012",2023-12-15,"District 2 - Channel","Santa Barbara","Coral Sea","12758","UCSB",345,"F","1",NA
"202307-1012-73873-GSPT-19","Greenspotted Rockfish","Sebastes chlorostictus","GSPT",8826010143,"2023","1012",2023-07-03,"District 3 - Central","Moss Landing","Last Meal","73873","MLML",326,"M","1",NA
"202411-1012-28054-GSPT-790","Greenspotted Rockfish","Sebastes chlorostictus","GSPT",8826010143,"2024","1012",2024-11-09,"District 2 - Channel","Channel Islands","Mirage","28054","UCSB",374,"M","1",NA
"202309-1012-05978-GSPT-664","Greenspotted Rockfish","Sebastes chlorostictus","GSPT",8826010143,"2023","1012",2023-09-23,"District 5 - Wine","Shelter Cove","Sea Hawk","05978","SIO",380,"F","1","STAGE 6"
"202412-1012-28054-GSPT-956","Greenspotted Rockfish","Sebastes chlorostictus","GSPT",8826010143,"2024","1012",2024-12-08,"District 2 - Channel","Channel Islands","Mirage","28054","UCSB",402,"M","1",NA
"202412-1012-12758-GSPT-917","Greenspotted Rockfish","Sebastes chlorostictus","GSPT",8826010143,"2024","1012",2024-12-19,"District 2 - Channel","Santa Barbara","Coral Sea","12758","UCSB",354,"M","1",NA
"202311-1012-28054-GSPT-785","Greenspotted Rockfish","Sebastes chlorostictus","GSPT",8826010143,"2023","1012",2023-11-10,"District 2 - Channel","Channel Islands","Mirage","28054","SIO",310,"F","1","STAGE 6, ID AS GREENSTRIPED ON TAG BUT ACTUALLY GREENSPOTTED"
"202311-1012-73873-GSPT-309","Greenspotted Rockfish","Sebastes chlorostictus","GSPT",8826010143,"2023","1012",2023-11-04,"District 3 - Central","Moss Landing","Last Meal","73873","MLML",235,"F","0",NA
"202311-1012-73873-GSPT-307","Greenspotted Rockfish","Sebastes chlorostictus","GSPT",8826010143,"2023","1012",2023-11-04,"District 3 - Central","Moss Landing","Last Meal","73873","MLML",290,"F","1",NA
"202410-1012-06810-GSPT-688","Greenspotted Rockfish","Sebastes chlorostictus","GSPT",8826010143,"2024","1012",2024-10-19,"District 5 - Wine","Fort Bragg","Kyndall Lynn","06810","BML",372,"F","1",NA
"202410-1012-39022-GSPT-672","Greenspotted Rockfish","Sebastes chlorostictus","GSPT",8826010143,"2024","1012",2024-10-17,"District 2 - Channel","Santa Barbara","Stardust","39022","UCSB",360,"F","1",NA
"202410-1012-39022-GSPT-674","Greenspotted Rockfish","Sebastes chlorostictus","GSPT",8826010143,"2024","1012",2024-10-17,"District 2 - Channel","Santa Barbara","Stardust","39022","UCSB",335,"F","1",NA
"202410-1012-28054-GSPT-755","Greenspotted Rockfish","Sebastes chlorostictus","GSPT",8826010143,"2024","1012",2024-10-25,"District 2 - Channel","Channel Islands","Mirage","28054","UCSB",394,"F","1",NA
"202410-1012-06810-GSPT-690","Greenspotted Rockfish","Sebastes chlorostictus","GSPT",8826010143,"2024","1012",2024-10-19,"District 5 - Wine","Fort Bragg","Kyndall Lynn","06810","BML",342,"M","1",NA
"202409-1012-16699-GSPT-450","Greenspotted Rockfish","Sebastes chlorostictus","GSPT",8826010143,"2024","1012",2024-09-07,"District 1 - South","Long Beach","Eldorado","16699","SIO",280,"F","1","MISSIDENTIFIED AS GREENBLOTCHED ROCKFISH"
"202412-1012-16699-GSPT-269","Greenspotted Rockfish","Sebastes chlorostictus","GSPT",8826010143,"2024","1012",2024-12-06,"District 1 - South","Long Beach","Eldorado","16699","NMFS",305,"F","1","STAGE 7"
"202310-1012-03233-GSPT-473","Greenspotted Rockfish","Sebastes chlorostictus","GSPT",8826010143,"2023","1012",2023-10-20,"District 1 - South","San Diego","Premier","03233","SIO",350,"M","0",NA
"202412-1012-28054-GSPT-963","Greenspotted Rockfish","Sebastes chlorostictus","GSPT",8826010143,"2024","1012",2024-12-08,"District 2 - Channel","Channel Islands","Mirage","28054","UCSB",439,"F","1",NA
"202308-1012-73873-GSPT-153","Greenspotted Rockfish","Sebastes chlorostictus","GSPT",8826010143,"2023","1012",2023-08-15,"District 3 - Central","Moss Landing","Last Meal","73873","MLML",352,"F","1","stage = 5"
"202410-1012-28054-GSPT-766","Greenspotted Rockfish","Sebastes chlorostictus","GSPT",8826010143,"2024","1012",2024-10-25,"District 2 - Channel","Channel Islands","Mirage","28054","UCSB",326,"M","1",NA
"202407-1012-04990-GSPT-222","Greenspotted Rockfish","Sebastes chlorostictus","GSPT",8826010143,"2024","1012",2024-07-08,"District 1 - South","Marina Del Rey","Betty-O","04990","SIO",315,"M","0",NA
"202307-1012-12758-GSPT-196","Greenspotted Rockfish","Sebastes chlorostictus","GSPT",8826010143,"2023","1012",2023-07-30,"District 2 - Channel","Santa Barbara","Coral Sea","12758","UCSB",348,"M","0",NA
"202311-1012-12758-GSPT-557","Greenspotted Rockfish","Sebastes chlorostictus","GSPT",8826010143,"2023","1012",2023-12-15,"District 2 - Channel","Santa Barbara","Coral Sea","12758","UCSB",332,"M","1",NA
"202306-1012-03233-GSPT-36","Greenspotted Rockfish","Sebastes chlorostictus","GSPT",8826010143,"2023","1012",2023-06-23,"District 1 - South","San Diego","Premier","03233","SIO",265,"F","1",NA
"202410-1012-73873-GSPT-622","Greenspotted Rockfish","Sebastes chlorostictus","GSPT",8826010143,"2024","1012",2024-10-04,"District 3 - Central","Moss Landing","Last Meal","73873","MLML",354,"F","1","Stage = 5"
"202404-1012-73861-GSPT-52","Greenspotted Rockfish","Sebastes chlorostictus","GSPT",8826010143,"2024","1012",2024-04-18,"District 3 - Central","Santa Cruz","Big Anchovy","73861","MLML",280,"F","1","stage = 3"
"202310-1012-73873-GSPT-243","Greenspotted Rockfish","Sebastes chlorostictus","GSPT",8826010143,"2023","1012",2023-10-02,"District 3 - Central","Moss Landing","Last Meal","73873","MLML",364,"M","1",NA
"202310-1012-28054-GSPT-766","Greenspotted Rockfish","Sebastes chlorostictus","GSPT",8826010143,"2023","1012",2023-10-27,"District 2 - Channel","Channel Islands","Mirage","28054","SIO",311,"F","1","STAGE 6"
"202406-1012-28054-GSPT-287","Greenspotted Rockfish","Sebastes chlorostictus","GSPT",8826010143,"2024","1012",2024-06-22,"District 2 - Channel","Channel Islands","Mirage","28054","UCSB",350,"M","1",NA
"202310-1012-73873-GSPT-248","Greenspotted Rockfish","Sebastes chlorostictus","GSPT",8826010143,"2023","1012",2023-10-02,"District 3 - Central","Moss Landing","Last Meal","73873","MLML",325,"F","1",NA
"202411-1012-28054-GSPT-937","Greenspotted Rockfish","Sebastes chlorostictus","GSPT",8826010143,"2024","1012",2024-11-30,"District 2 - Channel","Channel Islands","Mirage","28054","UCSB",374,"M","1",NA
"202410-1012-06810-GSPT-748","Greenspotted Rockfish","Sebastes chlorostictus","GSPT",8826010143,"2024","1012",2024-10-19,"District 5 - Wine","Fort Bragg","Kyndall Lynn","06810","BML",220,"M","0","not filleted"
"202410-1012-12758-GSPT-697","Greenspotted Rockfish","Sebastes chlorostictus","GSPT",8826010143,"2024","1012",2024-10-27,"District 2 - Channel","Santa Barbara","Coral Sea","12758","UCSB",383,"M","1",NA
"202311-1012-12758-GSPT-575","Greenspotted Rockfish","Sebastes chlorostictus","GSPT",8826010143,"2023","1012",2023-12-15,"District 2 - Channel","Santa Barbara","Coral Sea","12758","UCSB",267,"M","1",NA
"202410-1012-73873-GSPT-675","Greenspotted Rockfish","Sebastes chlorostictus","GSPT",8826010143,"2024","1012",2024-10-04,"District 3 - Central","Moss Landing","Last Meal","73873","MLML",367,"F","1",NA
"202407-1012-04990-GSPT-394","Greenspotted Rockfish","Sebastes chlorostictus","GSPT",8826010143,"2024","1012",2024-07-26,"District 1 - South","Marina Del Rey","Betty-O","04990","SIO",231,"M","0",NA
"202407-1012-04990-GSPT-395","Greenspotted Rockfish","Sebastes chlorostictus","GSPT",8826010143,"2024","1012",2024-07-26,"District 1 - South","Marina Del Rey","Betty-O","04990","SIO",273,"M","1",NA
"202404-1012-73873-GSPT-30","Greenspotted Rockfish","Sebastes chlorostictus","GSPT",8826010143,"2024","1012",2024-04-01,"District 3 - Central","Moss Landing","Last Meal","73873","MLML",320,"M","1",NA
"202410-1012-28054-GSPT-623","Greenspotted Rockfish","Sebastes chlorostictus","GSPT",8826010143,"2024","1012",2024-10-13,"District 2 - Channel","Channel Islands","Mirage","28054","UCSB",397,"M","1",NA
"202410-1012-73873-GSPT-676","Greenspotted Rockfish","Sebastes chlorostictus","GSPT",8826010143,"2024","1012",2024-10-04,"District 3 - Central","Moss Landing","Last Meal","73873","MLML",329,"M","1",NA
"202307-1012-73873-GSPT-16","Greenspotted Rockfish","Sebastes chlorostictus","GSPT",8826010143,"2023","1012",2023-07-03,"District 3 - Central","Moss Landing","Last Meal","73873","MLML",321,"F","1",NA
"202307-1012-03233-GSPT-95","Greenspotted Rockfish","Sebastes chlorostictus","GSPT",8826010143,"2023","1012",2023-07-17,"District 1 - South","San Diego","Premier","03233","SIO",293,"F","1",NA
"202306-1012-37423-GSPT-409","Greenspotted Rockfish","Sebastes chlorostictus","GSPT",8826010143,"2023","1012",2023-06-26,"District 4 - San Francisco","Pillar Point","Queen of Hearts","37423","NMFS",295,"M","0","Dave & Neosha assigned sample # 258 , S"
"202406-1012-12758-GSPT-226","Greenspotted Rockfish","Sebastes chlorostictus","GSPT",8826010143,"2024","1012",2024-06-21,"District 2 - Channel","Santa Barbara","Coral Sea","12758","UCSB",326,"M","0",NA
"202309-1012-05978-GSPT-663","Greenspotted Rockfish","Sebastes chlorostictus","GSPT",8826010143,"2023","1012",2023-09-23,"District 5 - Wine","Shelter Cove","Sea Hawk","05978","SIO",372,"M","1",NA
"202410-1012-39022-GSPT-669","Greenspotted Rockfish","Sebastes chlorostictus","GSPT",8826010143,"2024","1012",2024-10-17,"District 2 - Channel","Santa Barbara","Stardust","39022","UCSB",350,"M","1",NA
"202307-1012-12758-GSPT-179","Greenspotted Rockfish","Sebastes chlorostictus","GSPT",8826010143,"2023","1012",2023-07-30,"District 2 - Channel","Santa Barbara","Coral Sea","12758","UCSB",344,"M","0",NA
"202412-1012-12758-GSPT-914","Greenspotted Rockfish","Sebastes chlorostictus","GSPT",8826010143,"2024","1012",2024-12-20,"District 2 - Channel","Santa Barbara","Coral Sea","12758","UCSB",360,"M","1",NA
"202405-1012-12758-GSPT-151","Greenspotted Rockfish","Sebastes chlorostictus","GSPT",8826010143,"2024","1012",2024-05-29,"District 2 - Channel","Santa Barbara","Coral Sea","12758","UCSB",315,"F","1","EGGS"
"202311-1012-73873-GSPT-308","Greenspotted Rockfish","Sebastes chlorostictus","GSPT",8826010143,"2023","1012",2023-11-04,"District 3 - Central","Moss Landing","Last Meal","73873","MLML",325,"F","1","stage = 5"
"202408-1012-28054-GSPT-512","Greenspotted Rockfish","Sebastes chlorostictus","GSPT",8826010143,"2024","1012",2024-08-30,"District 2 - Channel","Channel Islands","Mirage","28054","UCSB",315,"M","0",NA
"202311-1012-12758-GSPT-507","Greenspotted Rockfish","Sebastes chlorostictus","GSPT",8826010143,"2023","1012",2023-11-20,"District 2 - Channel","Santa Barbara","Coral Sea","12758","UCSB",288,"F","0",NA
"202311-1012-28054-GSPT-788","Greenspotted Rockfish","Sebastes chlorostictus","GSPT",8826010143,"2023","1012",2023-11-10,"District 2 - Channel","Channel Islands","Mirage","28054","SIO",329,"F","1","STAGE 6/7, ID AS GREENSTRIPED ON TAG BUT ACTUALLY GREENSPOTTED"
"202410-1012-28054-GSPT-757","Greenspotted Rockfish","Sebastes chlorostictus","GSPT",8826010143,"2024","1012",2024-10-25,"District 2 - Channel","Channel Islands","Mirage","28054","UCSB",372,"F","1",NA
"202311-1012-73873-GSPT-315","Greenspotted Rockfish","Sebastes chlorostictus","GSPT",8826010143,"2023","1012",2023-11-04,"District 3 - Central","Moss Landing","Last Meal","73873","MLML",235,"U","UNK","gut punctured"
"202312-1012-16699-GSPT-957","Greenspotted Rockfish","Sebastes chlorostictus","GSPT",8826010143,"2023","1012",2023-12-29,"District 1 - South","Long Beach","Eldorado","16699","SIO",405,"F","1","LENGTH MEASUREMENTS SEEM ROUNDED TO THE WHOLE OR HALF MM, STAGE 2+"
"202411-1012-28054-GSPT-719","Greenspotted Rockfish","Sebastes chlorostictus","GSPT",8826010143,"2024","1012",2024-11-09,"District 2 - Channel","Channel Islands","Mirage","28054","UCSB",392,"M","1",NA
"202411-1012-12758-GSPT-842","Greenspotted Rockfish","Sebastes chlorostictus","GSPT",8826010143,"2024","1012",2024-11-29,"District 2 - Channel","Santa Barbara","Coral Sea","12758","UCSB",406,"M","1",NA
"202412-1012-28054-GSPT-473","Greenspotted Rockfish","Sebastes chlorostictus","GSPT",8826010143,"2024","1012",2024-12-15,"District 2 - Channel","Channel Islands","Mirage","28054","NMFS",436,"F","1","STAGE 2"
"202306-1012-38325-GSPT-34","Greenspotted Rockfish","Sebastes chlorostictus","GSPT",8826010143,"2023","1012",2023-06-24,"District 3 - Central","Moss Landing","Kahuna","38325","MLML",341,"M","UNK","see photo for maturity"
"202310-1012-28054-GSPT-761","Greenspotted Rockfish","Sebastes chlorostictus","GSPT",8826010143,"2023","1012",2023-10-27,"District 2 - Channel","Channel Islands","Mirage","28054","SIO",336,"M","1",NA
"202311-1012-12758-GSPT-518","Greenspotted Rockfish","Sebastes chlorostictus","GSPT",8826010143,"2023","1012",2023-11-30,"District 2 - Channel","Santa Barbara","Coral Sea","12758","UCSB",359,"F","1",NA
"202310-1012-28054-GSPT-762","Greenspotted Rockfish","Sebastes chlorostictus","GSPT",8826010143,"2023","1012",2023-10-27,"District 2 - Channel","Channel Islands","Mirage","28054","SIO",344,"M","1",NA
"202307-1012-12758-GSPT-195","Greenspotted Rockfish","Sebastes chlorostictus","GSPT",8826010143,"2023","1012",2023-07-30,"District 2 - Channel","Santa Barbara","Coral Sea","12758","UCSB",326,"F","1",NA
"202311-1012-12758-GSPT-563","Greenspotted Rockfish","Sebastes chlorostictus","GSPT",8826010143,"2023","1012",2023-12-15,"District 2 - Channel","Santa Barbara","Coral Sea","12758","UCSB",311,"F","1",NA
"202310-1012-28054-GSPT-764","Greenspotted Rockfish","Sebastes chlorostictus","GSPT",8826010143,"2023","1012",2023-10-27,"District 2 - Channel","Channel Islands","Mirage","28054","SIO",320,"F","1","STAGE 6"
"202306-1012-29746-GSPT-440","Greenspotted Rockfish","Sebastes chlorostictus","GSPT",8826010143,"2023","1012",2023-06-16,"District 4 - San Francisco","Emeryville","Sea Wolf","29746","NMFS",294,"M","1","Dave & Neosha assigned sample # 289 , S"
"202306-1012-03233-GSPT-145","Greenspotted Rockfish","Sebastes chlorostictus","GSPT",8826010143,"2023","1012",2023-06-23,"District 1 - South","San Diego","Premier","03233","NMFS",331,"M","0","Dissected during SOCAL CCFRP training on 6/27 , S"
"202411-1012-28054-GSPT-774","Greenspotted Rockfish","Sebastes chlorostictus","GSPT",8826010143,"2024","1012",2024-11-09,"District 2 - Channel","Channel Islands","Mirage","28054","UCSB",366,"M","1",NA
"202311-1012-12758-GSPT-483","Greenspotted Rockfish","Sebastes chlorostictus","GSPT",8826010143,"2023","1012",2023-11-04,"District 2 - Channel","Santa Barbara","Coral Sea","12758","UCSB",381,"F","1",NA
"202411-1012-28054-GSPT-777","Greenspotted Rockfish","Sebastes chlorostictus","GSPT",8826010143,"2024","1012",2024-11-09,"District 2 - Channel","Channel Islands","Mirage","28054","UCSB",481,"M","1",NA
"202306-1012-29746-GSPT-447","Greenspotted Rockfish","Sebastes chlorostictus","GSPT",8826010143,"2023","1012",2023-06-16,"District 4 - San Francisco","Emeryville","Sea Wolf","29746","NMFS",306,"F","1","Dave & Neosha assigned sample # 296 , S7"
"202404-1012-73861-GSPT-57","Greenspotted Rockfish","Sebastes chlorostictus","GSPT",8826010143,"2024","1012",2024-04-18,"District 3 - Central","Santa Cruz","Big Anchovy","73861","MLML",359,"F","1","1 otolith broken"
"202411-1012-04990-GSPT-330","Greenspotted Rockfish","Sebastes chlorostictus","GSPT",8826010143,"2024","1012",2024-11-08,"District 1 - South","Marina Del Rey","Betty-O","04990","NMFS",304,"M","1","RIPE"
"202310-1012-73873-GSPT-296","Greenspotted Rockfish","Sebastes chlorostictus","GSPT",8826010143,"2023","1012",2023-10-27,"District 3 - Central","Moss Landing","Last Meal","73873","MLML",335,"F","1","stage = 5"
"202407-1012-04990-GSPT-393","Greenspotted Rockfish","Sebastes chlorostictus","GSPT",8826010143,"2024","1012",2024-07-26,"District 1 - South","Marina Del Rey","Betty-O","04990","SIO",240,"F","0",NA
"202311-1012-28054-GSPT-817","Greenspotted Rockfish","Sebastes chlorostictus","GSPT",8826010143,"2023","1012",2023-11-25,"District 2 - Channel","Channel Islands","Mirage","28054","SIO",383,"M","1",NA
"202306-1012-38325-GSPT-53","Greenspotted Rockfish","Sebastes chlorostictus","GSPT",8826010143,"2023","1012",2023-06-24,"District 3 - Central","Moss Landing","Kahuna","38325","MLML",333,"M","1",NA
"202312-1012-28054-GSPT-1145","Greenspotted Rockfish","Sebastes chlorostictus","GSPT",8826010143,"2023","1012",2023-12-16,"District 2 - Channel","Channel Islands","Mirage","28054","SIO",300,"F","1","STAGE 7"
"202404-1012-28054-GSPT-57","Greenspotted Rockfish","Sebastes chlorostictus","GSPT",8826010143,"2024","1012",2024-04-29,"District 2 - Channel","Channel Islands","Mirage","28054","UCSB",381,"F","1",NA
"202311-1012-39022-GSPT-453","Greenspotted Rockfish","Sebastes chlorostictus","GSPT",8826010143,"2023","1012",2023-11-12,"District 2 - Channel","Santa Barbara","Stardust","39022","UCSB",393,"F","1",NA
"202411-1012-28054-GSPT-788","Greenspotted Rockfish","Sebastes chlorostictus","GSPT",8826010143,"2024","1012",2024-11-09,"District 2 - Channel","Channel Islands","Mirage","28054","UCSB",381,"M","1",NA
"202408-1012-39022-GSPT-466","Greenspotted Rockfish","Sebastes chlorostictus","GSPT",8826010143,"2024","1012",2024-08-23,"District 2 - Channel","Santa Barbara","Stardust","39022","UCSB",195,"F","0",NA
"202309-1012-05978-GSPT-662","Greenspotted Rockfish","Sebastes chlorostictus","GSPT",8826010143,"2023","1012",2023-09-23,"District 5 - Wine","Shelter Cove","Sea Hawk","05978","SIO",410,"M","1",NA
"202410-1012-12758-GSPT-709","Greenspotted Rockfish","Sebastes chlorostictus","GSPT",8826010143,"2024","1012",2024-10-27,"District 2 - Channel","Santa Barbara","Coral Sea","12758","UCSB",309,"M","0",NA
"202311-1012-73873-GSPT-305","Greenspotted Rockfish","Sebastes chlorostictus","GSPT",8826010143,"2023","1012",2023-11-04,"District 3 - Central","Moss Landing","Last Meal","73873","MLML",398,"M","1",NA
"202404-1012-28054-GSPT-64","Greenspotted Rockfish","Sebastes chlorostictus","GSPT",8826010143,"2024","1012",2024-04-29,"District 2 - Channel","Channel Islands","Mirage","28054","UCSB",340,"F","1",NA
"202311-1012-73873-GSPT-306","Greenspotted Rockfish","Sebastes chlorostictus","GSPT",8826010143,"2023","1012",2023-11-04,"District 3 - Central","Moss Landing","Last Meal","73873","MLML",378,"M","1",NA
"202408-1012-39045-GSPT-524","Greenspotted Rockfish","Sebastes chlorostictus","GSPT",8826010143,"2024","1012",2024-08-29,"District 1 - South","Mission Bay","Outer Limits","39045","SIO",281,"F","0",NA
"202310-1012-12758-GSPT-386","Greenspotted Rockfish","Sebastes chlorostictus","GSPT",8826010143,"2023","1012",2023-10-31,"District 2 - Channel","Santa Barbara","Coral Sea","12758","UCSB",375,"M","1",NA
"202311-1012-12758-GSPT-586","Greenspotted Rockfish","Sebastes chlorostictus","GSPT",8826010143,"2023","1012",2023-12-15,"District 2 - Channel","Santa Barbara","Coral Sea","12758","UCSB",313,"F","1",NA
"202311-1012-12758-GSPT-589","Greenspotted Rockfish","Sebastes chlorostictus","GSPT",8826010143,"2023","1012",2023-12-15,"District 2 - Channel","Santa Barbara","Coral Sea","12758","UCSB",297,"M","1",NA
"202308-1012-12758-GSPT-224","Greenspotted Rockfish","Sebastes chlorostictus","GSPT",8826010143,"2023","1012",2023-08-26,"District 2 - Channel","Santa Barbara","Coral Sea","12758","UCSB",295,"F","1",NA
"202311-1012-28054-GSPT-787","Greenspotted Rockfish","Sebastes chlorostictus","GSPT",8826010143,"2023","1012",2023-11-10,"District 2 - Channel","Channel Islands","Mirage","28054","SIO",402,"M","1","ID AS GREENSTRIPED ON TAG BUT ACTUALLY GREENSPOTTED"
"202311-1012-05978-GSPT-377","Greenspotted Rockfish","Sebastes chlorostictus","GSPT",8826010143,"2023","1012",2023-11-28,"District 5 - Wine","Shelter Cove","Sea Hawk","05978","HSU",355,"F","1","possbile necrosis"
"202310-1012-03233-GSPT-507","Greenspotted Rockfish","Sebastes chlorostictus","GSPT",8826010143,"2023","1012",2023-10-16,"District 1 - South","San Diego","Premier","03233","SIO",358,"F","1","STAGE 5+"
"202410-1012-28054-GSPT-756","Greenspotted Rockfish","Sebastes chlorostictus","GSPT",8826010143,"2024","1012",2024-10-25,"District 2 - Channel","Channel Islands","Mirage","28054","UCSB",344,"M","1",NA
"202307-1012-73873-GSPT-68","Greenspotted Rockfish","Sebastes chlorostictus","GSPT",8826010143,"2023","1012",2023-07-14,"District 3 - Central","Moss Landing","Last Meal","73873","MLML",320,"M","1",NA
"202308-1012-12758-GSPT-226","Greenspotted Rockfish","Sebastes chlorostictus","GSPT",8826010143,"2023","1012",2023-08-26,"District 2 - Channel","Santa Barbara","Coral Sea","12758","UCSB",315,"M","0",NA
"202404-1012-16699-GSPT-88","Greenspotted Rockfish","Sebastes chlorostictus","GSPT",8826010143,"2024","1012",2024-04-30,"District 1 - South","Long Beach","Eldorado","16699","SIO",260,"F","0","VESSEL CREW IDENTIFIED AS GREENSTRIPED"
"202412-1012-16699-GSPT-393","Greenspotted Rockfish","Sebastes chlorostictus","GSPT",8826010143,"2024","1012",NA,"District 1 - South","Long Beach","Eldorado","16699","NMFS",305,"F","1","NO DATE; STAGE 7"
"202411-1012-12758-GSPT-814","Greenspotted Rockfish","Sebastes chlorostictus","GSPT",8826010143,"2024","1012",2024-11-29,"District 2 - Channel","Santa Barbara","Coral Sea","12758","UCSB",319,"F","1",NA
"202410-1012-12758-GSPT-685","Greenspotted Rockfish","Sebastes chlorostictus","GSPT",8826010143,"2024","1012",2024-10-27,"District 2 - Channel","Santa Barbara","Coral Sea","12758","UCSB",257,"M","0",NA
"202405-1012-12758-GSPT-163","Greenspotted Rockfish","Sebastes chlorostictus","GSPT",8826010143,"2024","1012",2024-05-29,"District 2 - Channel","Santa Barbara","Coral Sea","12758","UCSB",324,"F","1",NA
"202404-1012-73873-GSPT-14","Greenspotted Rockfish","Sebastes chlorostictus","GSPT",8826010143,"2024","1012",2024-04-01,"District 3 - Central","Moss Landing","Last Meal","73873","MLML",268,"M","0",NA
"202412-1012-28054-GSPT-930","Greenspotted Rockfish","Sebastes chlorostictus","GSPT",8826010143,"2024","1012",2024-12-08,"District 2 - Channel","Channel Islands","Mirage","28054","UCSB",410,"M","1",NA
"202408-1012-12758-GSPT-404","Greenspotted Rockfish","Sebastes chlorostictus","GSPT",8826010143,"2024","1012",2024-08-30,"District 2 - Channel","Santa Barbara","Coral Sea","12758","UCSB",306,"M","0",NA
"202412-1012-12758-GSPT-891","Greenspotted Rockfish","Sebastes chlorostictus","GSPT",8826010143,"2024","1012",2024-12-20,"District 2 - Channel","Santa Barbara","Coral Sea","12758","UCSB",356,"M","1",NA
"202306-1012-29746-GSPT-416","Greenspotted Rockfish","Sebastes chlorostictus","GSPT",8826010143,"2023","1012",2023-06-07,"District 4 - San Francisco","Emeryville","Sea Wolf","29746","NMFS",295,"F","0","Dave & Neosha assigned sample # 265 , S1"
"202412-1012-16699-GSPT-402","Greenspotted Rockfish","Sebastes chlorostictus","GSPT",8826010143,"2024","1012",2024-12-27,"District 1 - South","Long Beach","Eldorado","16699","NMFS",335,"M","1","RIPE"
"202411-1012-28054-GSPT-978","Greenspotted Rockfish","Sebastes chlorostictus","GSPT",8826010143,"2024","1012",2024-11-30,"District 2 - Channel","Channel Islands","Mirage","28054","UCSB",403,"M","1",NA
"202404-1012-06810-GSPT-15","Greenspotted Rockfish","Sebastes chlorostictus","GSPT",8826010143,"2024","1012",2024-04-25,"District 5 - Wine","Fort Bragg","Kyndall Lynn","06810","BML",360,"M","1","Frozen no fin clips collected"
"202310-1012-12758-GSPT-362","Greenspotted Rockfish","Sebastes chlorostictus","GSPT",8826010143,"2023","1012",2023-10-31,"District 2 - Channel","Santa Barbara","Coral Sea","12758","UCSB",375,"F","1",NA
"202311-1012-73873-GSPT-329","Greenspotted Rockfish","Sebastes chlorostictus","GSPT",8826010143,"2023","1012",2023-11-24,"District 3 - Central","Moss Landing","Last Meal","73873","MLML",361,"M","1",NA
"202410-1012-28054-GSPT-618","Greenspotted Rockfish","Sebastes chlorostictus","GSPT",8826010143,"2024","1012",2024-10-13,"District 2 - Channel","Channel Islands","Mirage","28054","UCSB",347,"M","1",NA
"202408-1012-39022-GSPT-458","Greenspotted Rockfish","Sebastes chlorostictus","GSPT",8826010143,"2024","1012",2024-08-23,"District 2 - Channel","Santa Barbara","Stardust","39022","UCSB",255,"M","0",NA
"202411-1012-33680-GSPT-304","Greenspotted Rockfish","Sebastes chlorostictus","GSPT",8826010143,"2024","1012",2024-11-17,"District 3 - Central","Morro Bay","Fiesta","33680","CP",293,"F","1",NA
"202411-1012-28054-GSPT-944","Greenspotted Rockfish","Sebastes chlorostictus","GSPT",8826010143,"2024","1012",2024-11-30,"District 2 - Channel","Channel Islands","Mirage","28054","UCSB",344,"F","1",NA
"202311-1012-28054-GSPT-814","Greenspotted Rockfish","Sebastes chlorostictus","GSPT",8826010143,"2023","1012",2023-11-25,"District 2 - Channel","Channel Islands","Mirage","28054","SIO",399,"F","1","STAGE 6"
"202406-1012-12758-GSPT-217","Greenspotted Rockfish","Sebastes chlorostictus","GSPT",8826010143,"2024","1012",2024-06-21,"District 2 - Channel","Santa Barbara","Coral Sea","12758","UCSB",379,"F","1",NA
"202312-1012-28054-GSPT-1144","Greenspotted Rockfish","Sebastes chlorostictus","GSPT",8826010143,"2023","1012",2023-12-16,"District 2 - Channel","Channel Islands","Mirage","28054","SIO",397,"F","1","STAGE 7, 1.5 OTOLITHS"
"202408-1012-39022-GSPT-464","Greenspotted Rockfish","Sebastes chlorostictus","GSPT",8826010143,"2024","1012",2024-08-23,"District 2 - Channel","Santa Barbara","Stardust","39022","UCSB",241,"M","0",NA
"202307-1012-73873-GSPT-15","Greenspotted Rockfish","Sebastes chlorostictus","GSPT",8826010143,"2023","1012",2023-07-03,"District 3 - Central","Moss Landing","Last Meal","73873","MLML",350,"F","UNK","gonads sliced"
"202406-1012-12758-GSPT-224","Greenspotted Rockfish","Sebastes chlorostictus","GSPT",8826010143,"2024","1012",2024-06-21,"District 2 - Channel","Santa Barbara","Coral Sea","12758","UCSB",342,"F","1","EYED LARVAE, STAGE 4"
"202312-1012-28054-GSPT-1148","Greenspotted Rockfish","Sebastes chlorostictus","GSPT",8826010143,"2023","1012",2023-12-18,"District 2 - Channel","Channel Islands","Mirage","28054","SIO",309,"M","1",NA
"202306-1012-37423-GSPT-408","Greenspotted Rockfish","Sebastes chlorostictus","GSPT",8826010143,"2023","1012",2023-06-26,"District 4 - San Francisco","Pillar Point","Queen of Hearts","37423","NMFS",355,"M","1","lengths rounded to every 5 mm?, Dave & Neosha assigned sample # 257 , S"
"202312-1012-28054-GSPT-1147","Greenspotted Rockfish","Sebastes chlorostictus","GSPT",8826010143,"2023","1012",2023-12-17,"District 2 - Channel","Channel Islands","Mirage","28054","SIO",323,"M","1",NA
"202410-1012-06810-GSPT-850","Greenspotted Rockfish","Sebastes chlorostictus","GSPT",8826010143,"2024","1012",2024-10-10,"District 5 - Wine","Fort Bragg","Kyndall Lynn","06810","BML",325,"F","0",NA
"202311-1012-39022-GSPT-500","Greenspotted Rockfish","Sebastes chlorostictus","GSPT",8826010143,"2023","1012",2023-11-12,"District 2 - Channel","Santa Barbara","Stardust","39022","UCSB",398,"M","1",NA
"202408-1012-39022-GSPT-469","Greenspotted Rockfish","Sebastes chlorostictus","GSPT",8826010143,"2024","1012",2024-08-23,"District 2 - Channel","Santa Barbara","Stardust","39022","UCSB",219,"M","0",NA
"202405-1012-12758-GSPT-149","Greenspotted Rockfish","Sebastes chlorostictus","GSPT",8826010143,"2024","1012",2024-05-29,"District 2 - Channel","Santa Barbara","Coral Sea","12758","UCSB",347,"F","1",NA
"202306-1012-37423-GSPT-292","Greenspotted Rockfish","Sebastes chlorostictus","GSPT",8826010143,"2023","1012",2023-06-22,"District 4 - San Francisco","Pillar Point","Queen of Hearts","37423","NMFS",290,"F","0","lengths rounded?, Dave & Neosha assigned sample # 141 , S1"
"202306-1012-37423-GSPT-293","Greenspotted Rockfish","Sebastes chlorostictus","GSPT",8826010143,"2023","1012",2023-06-22,"District 4 - San Francisco","Pillar Point","Queen of Hearts","37423","NMFS",340,"M","1","lengths rounded?, Dave & Neosha assigned sample # 142 , S"
"202311-1012-12758-GSPT-587","Greenspotted Rockfish","Sebastes chlorostictus","GSPT",8826010143,"2023","1012",2023-12-15,"District 2 - Channel","Santa Barbara","Coral Sea","12758","UCSB",365,"M","1",NA
"202408-1012-39022-GSPT-472","Greenspotted Rockfish","Sebastes chlorostictus","GSPT",8826010143,"2024","1012",2024-08-23,"District 2 - Channel","Santa Barbara","Stardust","39022","UCSB",252,"M","0",NA
"202306-1012-37423-GSPT-386","Greenspotted Rockfish","Sebastes chlorostictus","GSPT",8826010143,"2023","1012",2023-06-16,"District 4 - San Francisco","Pillar Point","Queen of Hearts","37423","NMFS",332,"F","1","resting transitioning, Dave & Neosha assigned sample # 235 , S7+"
"202306-1012-37423-GSPT-385","Greenspotted Rockfish","Sebastes chlorostictus","GSPT",8826010143,"2023","1012",2023-06-16,"District 4 - San Francisco","Pillar Point","Queen of Hearts","37423","NMFS",308,"U","UNK","no gonads, Dave & Neosha assigned sample # 234 , S"
"202311-1012-73873-GSPT-313","Greenspotted Rockfish","Sebastes chlorostictus","GSPT",8826010143,"2023","1012",2023-11-04,"District 3 - Central","Moss Landing","Last Meal","73873","MLML",224,"U","UNK","gut punctured"
"202412-1012-28054-GSPT-961","Greenspotted Rockfish","Sebastes chlorostictus","GSPT",8826010143,"2024","1012",2024-12-08,"District 2 - Channel","Channel Islands","Mirage","28054","UCSB",411,"F","1",NA
"202311-1012-12758-GSPT-593","Greenspotted Rockfish","Sebastes chlorostictus","GSPT",8826010143,"2023","1012",2023-12-15,"District 2 - Channel","Santa Barbara","Coral Sea","12758","UCSB",322,"F","1",NA
"202310-1012-39022-GSPT-433","Greenspotted Rockfish","Sebastes chlorostictus","GSPT",8826010143,"2023","1012",2023-10-29,"District 2 - Channel","Santa Barbara","Stardust","39022","UCSB",262,"F","1",NA
"202410-1012-06810-GSPT-737","Greenspotted Rockfish","Sebastes chlorostictus","GSPT",8826010143,"2024","1012",2024-10-04,"District 5 - Wine","Fort Bragg","Kyndall Lynn","06810","BML",241,"M","0",NA
"202408-1012-39022-GSPT-483","Greenspotted Rockfish","Sebastes chlorostictus","GSPT",8826010143,"2024","1012",2024-08-23,"District 2 - Channel","Santa Barbara","Stardust","39022","UCSB",241,"F","0",NA
"202310-1012-39022-GSPT-435","Greenspotted Rockfish","Sebastes chlorostictus","GSPT",8826010143,"2023","1012",2023-10-29,"District 2 - Channel","Santa Barbara","Stardust","39022","UCSB",286,"M","0",NA
"202306-1012-03233-GSPT-144","Greenspotted Rockfish","Sebastes chlorostictus","GSPT",8826010143,"2023","1012",2023-06-23,"District 1 - South","San Diego","Premier","03233","NMFS",341,"F","1","Dissected during SOCAL CCFRP training on 6/27, spent , S"
"202410-1012-28054-GSPT-608","Greenspotted Rockfish","Sebastes chlorostictus","GSPT",8826010143,"2024","1012",2024-10-13,"District 2 - Channel","Channel Islands","Mirage","28054","UCSB",345,"M","1",NA
"202412-1012-28054-GSPT-479","Greenspotted Rockfish","Sebastes chlorostictus","GSPT",8826010143,"2024","1012",2024-12-15,"District 2 - Channel","Channel Islands","Mirage","28054","NMFS",412,"F","1","BLACK BLOTCHY SPOTS ON OVARIES"
"202307-1012-03233-GSPT-114","Greenspotted Rockfish","Sebastes chlorostictus","GSPT",8826010143,"2023","1012",2023-07-16,"District 1 - South","San Diego","Premier","03233","SIO",342,"F","1","Larvae - about ready for partuition"
"202411-1012-28054-GSPT-771","Greenspotted Rockfish","Sebastes chlorostictus","GSPT",8826010143,"2024","1012",2024-11-09,"District 2 - Channel","Channel Islands","Mirage","28054","UCSB",371,"M","1",NA
"202410-1012-28054-GSPT-612","Greenspotted Rockfish","Sebastes chlorostictus","GSPT",8826010143,"2024","1012",2024-10-13,"District 2 - Channel","Channel Islands","Mirage","28054","UCSB",343,"M","1",NA
"202410-1012-06810-GSPT-746","Greenspotted Rockfish","Sebastes chlorostictus","GSPT",8826010143,"2024","1012",2024-10-15,"District 5 - Wine","Fort Bragg","Kyndall Lynn","06810","BML",229,"F","0","not filleted"
"202306-1012-29746-GSPT-418","Greenspotted Rockfish","Sebastes chlorostictus","GSPT",8826010143,"2023","1012",2023-06-07,"District 4 - San Francisco","Emeryville","Sea Wolf","29746","NMFS",235,"F","0","Dave & Neosha assigned sample # 267 , S1"
"202310-1012-12758-GSPT-405","Greenspotted Rockfish","Sebastes chlorostictus","GSPT",8826010143,"2023","1012",2023-10-26,"District 2 - Channel","Santa Barbara","Coral Sea","12758","UCSB",342,"M","1",NA
"202312-1012-06810-GSPT-1092","Greenspotted Rockfish","Sebastes chlorostictus","GSPT",8826010143,"2023","1012",2023-12-14,"District 5 - Wine","Fort Bragg","Kyndall Lynn","06810","SIO",385,"M","1",NA
"202306-1012-29746-GSPT-444","Greenspotted Rockfish","Sebastes chlorostictus","GSPT",8826010143,"2023","1012",2023-06-16,"District 4 - San Francisco","Emeryville","Sea Wolf","29746","NMFS",271,"M","0","Dave & Neosha assigned sample # 293 , S"
"202406-1012-28054-GSPT-257","Greenspotted Rockfish","Sebastes chlorostictus","GSPT",8826010143,"2024","1012",2024-06-09,"District 2 - Channel","Channel Islands","Mirage","28054","UCSB",424,"M","1",NA
"202411-1012-12758-GSPT-865","Greenspotted Rockfish","Sebastes chlorostictus","GSPT",8826010143,"2024","1012",2024-11-29,"District 2 - Channel","Santa Barbara","Coral Sea","12758","UCSB",302,"M","1",NA
"202311-1012-28054-GSPT-815","Greenspotted Rockfish","Sebastes chlorostictus","GSPT",8826010143,"2023","1012",2023-11-25,"District 2 - Channel","Channel Islands","Mirage","28054","SIO",393,"F","1","STAGE 7"
"202411-1012-12758-GSPT-864","Greenspotted Rockfish","Sebastes chlorostictus","GSPT",8826010143,"2024","1012",2024-11-29,"District 2 - Channel","Santa Barbara","Coral Sea","12758","UCSB",322,"M","1",NA
"202410-1012-28054-GSPT-622","Greenspotted Rockfish","Sebastes chlorostictus","GSPT",8826010143,"2024","1012",2024-10-13,"District 2 - Channel","Channel Islands","Mirage","28054","UCSB",330,"M","1",NA
"202311-1012-28054-GSPT-819","Greenspotted Rockfish","Sebastes chlorostictus","GSPT",8826010143,"2023","1012",2023-11-25,"District 2 - Channel","Channel Islands","Mirage","28054","SIO",386,"F","1","STAGE 7"
"202410-1012-12758-GSPT-664","Greenspotted Rockfish","Sebastes chlorostictus","GSPT",8826010143,"2024","1012",2024-10-27,"District 2 - Channel","Santa Barbara","Coral Sea","12758","UCSB",348,"F","1",NA
"202412-1012-04990-GSPT-456","Greenspotted Rockfish","Sebastes chlorostictus","GSPT",8826010143,"2024","1012",2024-12-11,"District 1 - South","Marina Del Rey","Betty-O","04990","NMFS",330,"F","0",NA
"202309-1012-05978-GSPT-661","Greenspotted Rockfish","Sebastes chlorostictus","GSPT",8826010143,"2023","1012",2023-09-23,"District 5 - Wine","Shelter Cove","Sea Hawk","05978","SIO",380,"M","1",NA
"202412-1012-28054-GSPT-952","Greenspotted Rockfish","Sebastes chlorostictus","GSPT",8826010143,"2024","1012",2024-12-08,"District 2 - Channel","Channel Islands","Mirage","28054","UCSB",315,"M","1",NA
"202311-1012-06810-GSPT-1066","Greenspotted Rockfish","Sebastes chlorostictus","GSPT",8826010143,"2023","1012",2023-11-17,"District 5 - Wine","Fort Bragg","Kyndall Lynn","06810","SIO",225,"U","UNK","PERFORATED GUT"
"202411-1012-12758-GSPT-831","Greenspotted Rockfish","Sebastes chlorostictus","GSPT",8826010143,"2024","1012",2024-11-29,"District 2 - Channel","Santa Barbara","Coral Sea","12758","UCSB",325,"M","1",NA
"202312-1012-28054-GSPT-1146","Greenspotted Rockfish","Sebastes chlorostictus","GSPT",8826010143,"2023","1012",2023-12-16,"District 2 - Channel","Channel Islands","Mirage","28054","SIO",302,"M","1",NA
"202410-1012-28054-GSPT-749","Greenspotted Rockfish","Sebastes chlorostictus","GSPT",8826010143,"2024","1012",2024-10-25,"District 2 - Channel","Channel Islands","Mirage","28054","UCSB",335,"M","1",NA
"202412-1012-37797-GSPT-359","Greenspotted Rockfish","Sebastes chlorostictus","GSPT",8826010143,"2024","1012",2024-12-06,"District 3 - Central","Morro Bay","Black Pearl","37797","CP",260,"U","UNK",NA
"202411-1012-12758-GSPT-834","Greenspotted Rockfish","Sebastes chlorostictus","GSPT",8826010143,"2024","1012",2024-11-29,"District 2 - Channel","Santa Barbara","Coral Sea","12758","UCSB",225,"M","0",NA
"202411-1012-12758-GSPT-832","Greenspotted Rockfish","Sebastes chlorostictus","GSPT",8826010143,"2024","1012",2024-11-29,"District 2 - Channel","Santa Barbara","Coral Sea","12758","UCSB",275,"F","0",NA
"202412-1012-39022-GSPT-715","Greenspotted Rockfish","Sebastes chlorostictus","GSPT",8826010143,"2024","1012",2024-12-11,"District 2 - Channel","Santa Barbara","Stardust","39022","UCSB",370,"F","1",NA
"202311-1012-73873-GSPT-310","Greenspotted Rockfish","Sebastes chlorostictus","GSPT",8826010143,"2023","1012",2023-11-04,"District 3 - Central","Moss Landing","Last Meal","73873","MLML",188,"U","UNK","gut punctured"
"202308-1012-39022-GSPT-220","Greenspotted Rockfish","Sebastes chlorostictus","GSPT",8826010143,"2023","1012",2023-08-26,"District 2 - Channel","Santa Barbara","Stardust","39022","UCSB",293,"M","0",NA
"202308-1012-12758-GSPT-225","Greenspotted Rockfish","Sebastes chlorostictus","GSPT",8826010143,"2023","1012",2023-08-26,"District 2 - Channel","Santa Barbara","Coral Sea","12758","UCSB",339,"F","0","2 OTOLITHS BROKEN"
"202312-1012-28054-GSPT-832","Greenspotted Rockfish","Sebastes chlorostictus","GSPT",8826010143,"2023","1012",2023-12-02,"District 2 - Channel","Channel Islands","Mirage","28054","SIO",386,"F","1","STAGE 7"
"202312-1012-28054-GSPT-831","Greenspotted Rockfish","Sebastes chlorostictus","GSPT",8826010143,"2023","1012",2023-12-02,"District 2 - Channel","Channel Islands","Mirage","28054","SIO",360,"F","1","STAGE 6"
"202312-1012-16699-GSPT-956","Greenspotted Rockfish","Sebastes chlorostictus","GSPT",8826010143,"2023","1012",2023-12-29,"District 1 - South","Long Beach","Eldorado","16699","SIO",365,"F","1","LENGTH MEASUREMENTS SEEM ROUNDED TO THE WHOLE OR HALF MM, STAGE 2+"
"202306-1012-37423-GSPT-383","Greenspotted Rockfish","Sebastes chlorostictus","GSPT",8826010143,"2023","1012",2023-06-16,"District 4 - San Francisco","Pillar Point","Queen of Hearts","37423","NMFS",305,"M","0","Dave & Neosha assigned sample # 232 , S"
"202412-1012-28054-GSPT-476","Greenspotted Rockfish","Sebastes chlorostictus","GSPT",8826010143,"2024","1012",2024-12-15,"District 2 - Channel","Channel Islands","Mirage","28054","NMFS",418,"M","1","RIPE"
"202306-1012-38325-GSPT-32","Greenspotted Rockfish","Sebastes chlorostictus","GSPT",8826010143,"2023","1012",2023-06-24,"District 3 - Central","Moss Landing","Kahuna","38325","MLML",326,"F","1",NA
"202410-1012-73873-GSPT-615","Greenspotted Rockfish","Sebastes chlorostictus","GSPT",8826010143,"2024","1012",2024-10-04,"District 3 - Central","Moss Landing","Last Meal","73873","MLML",359,"F","1","Stage = 5"
"202310-1012-73873-GSPT-240","Greenspotted Rockfish","Sebastes chlorostictus","GSPT",8826010143,"2023","1012",2023-10-02,"District 3 - Central","Moss Landing","Last Meal","73873","MLML",358,"F","1","only 1 otolith"
"202406-1012-39022-GSPT-319","Greenspotted Rockfish","Sebastes chlorostictus","GSPT",8826010143,"2024","1012",2024-06-29,"District 2 - Channel","Santa Barbara","Stardust","39022","UCSB",351,"M","1","1 BROKEN OTOLITH"
"202310-1012-28054-GSPT-765","Greenspotted Rockfish","Sebastes chlorostictus","GSPT",8826010143,"2023","1012",2023-10-27,"District 2 - Channel","Channel Islands","Mirage","28054","SIO",300,"M","1",NA
"202311-1012-12758-GSPT-516","Greenspotted Rockfish","Sebastes chlorostictus","GSPT",8826010143,"2023","1012",2023-11-30,"District 2 - Channel","Santa Barbara","Coral Sea","12758","UCSB",356,"F","1",NA
"202405-1012-12758-GSPT-161","Greenspotted Rockfish","Sebastes chlorostictus","GSPT",8826010143,"2024","1012",2024-05-29,"District 2 - Channel","Santa Barbara","Coral Sea","12758","UCSB",361,"F","1",NA
"202410-1012-28054-GSPT-729","Greenspotted Rockfish","Sebastes chlorostictus","GSPT",8826010143,"2024","1012",2024-10-25,"District 2 - Channel","Channel Islands","Mirage","28054","UCSB",399,"F","1",NA
"202410-1012-28054-GSPT-768","Greenspotted Rockfish","Sebastes chlorostictus","GSPT",8826010143,"2024","1012",2024-10-25,"District 2 - Channel","Channel Islands","Mirage","28054","UCSB",319,"M","1",NA
"202306-1012-29746-GSPT-417","Greenspotted Rockfish","Sebastes chlorostictus","GSPT",8826010143,"2023","1012",2023-06-07,"District 4 - San Francisco","Emeryville","Sea Wolf","29746","NMFS",256,"M","0","Dave & Neosha assigned sample # 266 , S"
"202310-1012-28054-GSPT-767","Greenspotted Rockfish","Sebastes chlorostictus","GSPT",8826010143,"2023","1012",2023-10-27,"District 2 - Channel","Channel Islands","Mirage","28054","SIO",370,"M","1",NA
"202406-1012-12758-GSPT-249","Greenspotted Rockfish","Sebastes chlorostictus","GSPT",8826010143,"2024","1012",2024-06-21,"District 2 - Channel","Santa Barbara","Coral Sea","12758","UCSB",334,"F","1",NA
"202412-1012-16699-GSPT-406","Greenspotted Rockfish","Sebastes chlorostictus","GSPT",8826010143,"2024","1012",2024-12-27,"District 1 - South","Long Beach","Eldorado","16699","NMFS",280,"M","1","RIPE"
"202310-1012-73873-GSPT-249","Greenspotted Rockfish","Sebastes chlorostictus","GSPT",8826010143,"2023","1012",2023-10-02,"District 3 - Central","Moss Landing","Last Meal","73873","MLML",327,"M","1",NA
"202410-1012-28054-GSPT-617","Greenspotted Rockfish","Sebastes chlorostictus","GSPT",8826010143,"2024","1012",2024-10-13,"District 2 - Channel","Channel Islands","Mirage","28054","UCSB",363,"F","1",NA
"202311-1012-28054-GSPT-813","Greenspotted Rockfish","Sebastes chlorostictus","GSPT",8826010143,"2023","1012",2023-11-25,"District 2 - Channel","Channel Islands","Mirage","28054","SIO",360,"M","1",NA
"202406-1012-28054-GSPT-255","Greenspotted Rockfish","Sebastes chlorostictus","GSPT",8826010143,"2024","1012",2024-06-09,"District 2 - Channel","Channel Islands","Mirage","28054","UCSB",414,"M","1",NA
"202411-1012-28054-GSPT-783","Greenspotted Rockfish","Sebastes chlorostictus","GSPT",8826010143,"2024","1012",2024-11-09,"District 2 - Channel","Channel Islands","Mirage","28054","UCSB",492,"M","1",NA
"202404-1012-06810-GSPT-25","Greenspotted Rockfish","Sebastes chlorostictus","GSPT",8826010143,"2024","1012",2024-04-20,"District 5 - Wine","Fort Bragg","Kyndall Lynn","06810","BML",298,"F","1","Frozen no fin clips collected"
"202411-1012-28054-GSPT-784","Greenspotted Rockfish","Sebastes chlorostictus","GSPT",8826010143,"2024","1012",2024-11-09,"District 2 - Channel","Channel Islands","Mirage","28054","UCSB",396,"M","1",NA
"202311-1012-39022-GSPT-451","Greenspotted Rockfish","Sebastes chlorostictus","GSPT",8826010143,"2023","1012",2023-11-20,"District 2 - Channel","Santa Barbara","Stardust","39022","UCSB",307,"M","1",NA
"202306-1012-37423-GSPT-404","Greenspotted Rockfish","Sebastes chlorostictus","GSPT",8826010143,"2023","1012",2023-06-26,"District 4 - San Francisco","Pillar Point","Queen of Hearts","37423","NMFS",325,"F","1","lengths rounded to every 5 mm?, Dave & Neosha assigned sample # 253 , S7"
"202406-1012-12758-GSPT-221","Greenspotted Rockfish","Sebastes chlorostictus","GSPT",8826010143,"2024","1012",2024-06-21,"District 2 - Channel","Santa Barbara","Coral Sea","12758","UCSB",351,"F","0",NA
"202410-1012-39022-GSPT-667","Greenspotted Rockfish","Sebastes chlorostictus","GSPT",8826010143,"2024","1012",2024-10-17,"District 2 - Channel","Santa Barbara","Stardust","39022","UCSB",353,"M","1",NA
"202404-1012-06810-GSPT-31","Greenspotted Rockfish","Sebastes chlorostictus","GSPT",8826010143,"2024","1012",2024-04-20,"District 5 - Wine","Fort Bragg","Kyndall Lynn","06810","BML",310,"M","1","Frozen no fin clips collected"
"202306-1012-37423-GSPT-407","Greenspotted Rockfish","Sebastes chlorostictus","GSPT",8826010143,"2023","1012",2023-06-26,"District 4 - San Francisco","Pillar Point","Queen of Hearts","37423","NMFS",280,"U","UNK","lengths rounded to every 5 mm?, no gonads, Dave & Neosha assigned sample # 256 , S"
"202310-1012-39022-GSPT-378","Greenspotted Rockfish","Sebastes chlorostictus","GSPT",8826010143,"2023","1012",2023-10-15,"District 2 - Channel","Santa Barbara","Stardust","39022","UCSB",353,"M","1",NA
"202311-1012-39022-GSPT-455","Greenspotted Rockfish","Sebastes chlorostictus","GSPT",8826010143,"2023","1012",2023-11-12,"District 2 - Channel","Santa Barbara","Stardust","39022","UCSB",296,"F","1",NA
"202312-1012-16699-GSPT-986","Greenspotted Rockfish","Sebastes chlorostictus","GSPT",8826010143,"2023","1012",2023-12-18,"District 1 - South","Long Beach","Eldorado","16699","SIO",365,"M","1","LENGTH MEASUREMENTS SEEM ROUNDED TO THE WHOLE OR HALF MM"
"202412-1012-12758-GSPT-879","Greenspotted Rockfish","Sebastes chlorostictus","GSPT",8826010143,"2024","1012",2024-12-19,"District 2 - Channel","Santa Barbara","Coral Sea","12758","UCSB",395,"M","1",NA
"202412-1012-12758-GSPT-876","Greenspotted Rockfish","Sebastes chlorostictus","GSPT",8826010143,"2024","1012",2024-12-20,"District 2 - Channel","Santa Barbara","Coral Sea","12758","UCSB",269,"F","0",NA
"202408-1012-28054-GSPT-510","Greenspotted Rockfish","Sebastes chlorostictus","GSPT",8826010143,"2024","1012",2024-08-13,"District 2 - Channel","Channel Islands","Mirage","28054","UCSB",302,"F","1",NA
"202311-1012-04990-GSPT-868","Greenspotted Rockfish","Sebastes chlorostictus","GSPT",8826010143,"2023","1012",2023-11-22,"District 1 - South","Marina Del Rey","Betty-O","04990","SIO",250,"F","1","STAGE 2, LENGTH WAS MEASURED TO WHOLE AND HALF DECIMAL"
"202312-1012-16699-GSPT-988","Greenspotted Rockfish","Sebastes chlorostictus","GSPT",8826010143,"2023","1012",2023-12-18,"District 1 - South","Long Beach","Eldorado","16699","SIO",320,"M","1","LENGTH MEASUREMENTS SEEM ROUNDED TO THE WHOLE OR HALF MM"
"202312-1012-28054-GSPT-829","Greenspotted Rockfish","Sebastes chlorostictus","GSPT",8826010143,"2023","1012",2023-12-02,"District 2 - Channel","Channel Islands","Mirage","28054","SIO",354,"M","1",NA
"202412-1012-39022-GSPT-717","Greenspotted Rockfish","Sebastes chlorostictus","GSPT",8826010143,"2024","1012",2024-12-11,"District 2 - Channel","Santa Barbara","Stardust","39022","UCSB",350,"F","1",NA
"202406-1012-16699-GSPT-159","Greenspotted Rockfish","Sebastes chlorostictus","GSPT",8826010143,"2024","1012",2024-06-09,"District 1 - South","Long Beach","Eldorado","16699","NMFS",420,"M","1",NA
"202312-1012-28054-GSPT-830","Greenspotted Rockfish","Sebastes chlorostictus","GSPT",8826010143,"2023","1012",2023-12-02,"District 2 - Channel","Channel Islands","Mirage","28054","SIO",373,"F","1","STAGE 6"
"202306-1012-37423-GSPT-384","Greenspotted Rockfish","Sebastes chlorostictus","GSPT",8826010143,"2023","1012",2023-06-16,"District 4 - San Francisco","Pillar Point","Queen of Hearts","37423","NMFS",318,"F","1","Dave & Neosha assigned sample # 233 , S7"
"202308-1012-12758-GSPT-227","Greenspotted Rockfish","Sebastes chlorostictus","GSPT",8826010143,"2023","1012",2023-08-26,"District 2 - Channel","Santa Barbara","Coral Sea","12758","UCSB",279,"M","0",NA
"202412-1012-28054-GSPT-475","Greenspotted Rockfish","Sebastes chlorostictus","GSPT",8826010143,"2024","1012",2024-12-15,"District 2 - Channel","Channel Islands","Mirage","28054","NMFS",401,"F","1","BLACK OVARIES - PICTURE TAKEN"
"202411-1012-12758-GSPT-812","Greenspotted Rockfish","Sebastes chlorostictus","GSPT",8826010143,"2024","1012",2024-11-29,"District 2 - Channel","Santa Barbara","Coral Sea","12758","UCSB",385,"M","1",NA
"202311-1012-12758-GSPT-597","Greenspotted Rockfish","Sebastes chlorostictus","GSPT",8826010143,"2023","1012",2023-12-15,"District 2 - Channel","Santa Barbara","Coral Sea","12758","UCSB",353,"F","1",NA
"202310-1012-12758-GSPT-356","Greenspotted Rockfish","Sebastes chlorostictus","GSPT",8826010143,"2023","1012",2023-10-30,"District 2 - Channel","Santa Barbara","Coral Sea","12758","UCSB",280,"M","0",NA
"202412-1012-12758-GSPT-889","Greenspotted Rockfish","Sebastes chlorostictus","GSPT",8826010143,"2024","1012",2024-12-19,"District 2 - Channel","Santa Barbara","Coral Sea","12758","UCSB",339,"M","1",NA
"202407-1012-04990-GSPT-417","Greenspotted Rockfish","Sebastes chlorostictus","GSPT",8826010143,"2024","1012",2024-07-03,"District 1 - South","Marina Del Rey","Betty-O","04990","SIO",268,"M","1",NA
"202308-1012-12758-GSPT-233","Greenspotted Rockfish","Sebastes chlorostictus","GSPT",8826010143,"2023","1012",2023-08-26,"District 2 - Channel","Santa Barbara","Coral Sea","12758","UCSB",246,"M","0",NA
"202310-1012-28054-GSPT-763","Greenspotted Rockfish","Sebastes chlorostictus","GSPT",8826010143,"2023","1012",2023-10-27,"District 2 - Channel","Channel Islands","Mirage","28054","SIO",382,"M","1",NA
"202410-1012-28054-GSPT-609","Greenspotted Rockfish","Sebastes chlorostictus","GSPT",8826010143,"2024","1012",2024-10-13,"District 2 - Channel","Channel Islands","Mirage","28054","UCSB",365,"F","1",NA
"202310-1012-73873-GSPT-259","Greenspotted Rockfish","Sebastes chlorostictus","GSPT",8826010143,"2023","1012",2023-10-18,"District 3 - Central","Moss Landing","Last Meal","73873","MLML",423,"F","1",NA
"202307-1012-38325-GSPT-84","Greenspotted Rockfish","Sebastes chlorostictus","GSPT",8826010143,"2023","1012",2023-07-19,"District 3 - Central","Moss Landing","Kahuna","38325","MLML",383,"M","1",NA
"202405-1012-12758-GSPT-170","Greenspotted Rockfish","Sebastes chlorostictus","GSPT",8826010143,"2024","1012",2024-05-29,"District 2 - Channel","Santa Barbara","Coral Sea","12758","UCSB",338,"M","1",NA
"202306-1012-29746-GSPT-445","Greenspotted Rockfish","Sebastes chlorostictus","GSPT",8826010143,"2023","1012",2023-06-16,"District 4 - San Francisco","Emeryville","Sea Wolf","29746","NMFS",304,"F","1","Dave & Neosha assigned sample # 294 , S7"
"202412-1012-28054-GSPT-484","Greenspotted Rockfish","Sebastes chlorostictus","GSPT",8826010143,"2024","1012",2024-12-15,"District 2 - Channel","Channel Islands","Mirage","28054","NMFS",386,"M","1","RIPE"
"202310-1012-12758-GSPT-363","Greenspotted Rockfish","Sebastes chlorostictus","GSPT",8826010143,"2023","1012",2023-10-30,"District 2 - Channel","Santa Barbara","Coral Sea","12758","UCSB",321,"F","1",NA
"202310-1012-12758-GSPT-370","Greenspotted Rockfish","Sebastes chlorostictus","GSPT",8826010143,"2023","1012",2023-10-31,"District 2 - Channel","Santa Barbara","Coral Sea","12758","UCSB",398,"M","1",NA
"202311-1012-73873-GSPT-331","Greenspotted Rockfish","Sebastes chlorostictus","GSPT",8826010143,"2023","1012",2023-11-24,"District 3 - Central","Moss Landing","Last Meal","73873","MLML",333,"F","1","stage = 5"
"202408-1012-04990-GSPT-513","Greenspotted Rockfish","Sebastes chlorostictus","GSPT",8826010143,"2024","1012",2024-08-30,"District 1 - South","Marina Del Rey","Betty-O","04990","SIO",133,"U","UNK","PERFORATED GUT - CANNOT SEX"
"202307-1012-03233-GSPT-6","Greenspotted Rockfish","Sebastes chlorostictus","GSPT",8826010143,"2023","1012",2023-07-07,"District 1 - South","San Diego","Premier","03233","SIO",328,"M","UNK",NA
"202311-1012-28054-GSPT-816","Greenspotted Rockfish","Sebastes chlorostictus","GSPT",8826010143,"2023","1012",2023-11-25,"District 2 - Channel","Channel Islands","Mirage","28054","SIO",374,"M","1",NA
"202404-1012-73873-GSPT-28","Greenspotted Rockfish","Sebastes chlorostictus","GSPT",8826010143,"2024","1012",2024-04-01,"District 3 - Central","Moss Landing","Last Meal","73873","MLML",330,"M","1",NA
"202311-1012-39022-GSPT-497","Greenspotted Rockfish","Sebastes chlorostictus","GSPT",8826010143,"2023","1012",2023-11-21,"District 2 - Channel","Santa Barbara","Stardust","39022","UCSB",361,"M","1",NA
"202310-1012-12758-GSPT-344","Greenspotted Rockfish","Sebastes chlorostictus","GSPT",8826010143,"2023","1012",2023-10-30,"District 2 - Channel","Santa Barbara","Coral Sea","12758","UCSB",357,"F","1",NA
"202410-1012-06810-GSPT-718","Greenspotted Rockfish","Sebastes chlorostictus","GSPT",8826010143,"2024","1012",2024-10-04,"District 5 - Wine","Fort Bragg","Kyndall Lynn","06810","BML",215,"F","0","not filleted"
"202410-1012-73873-GSPT-680","Greenspotted Rockfish","Sebastes chlorostictus","GSPT",8826010143,"2024","1012",2024-10-04,"District 3 - Central","Moss Landing","Last Meal","73873","MLML",369,"F","1",NA
"202408-1012-39045-GSPT-522","Greenspotted Rockfish","Sebastes chlorostictus","GSPT",8826010143,"2024","1012",2024-08-29,"District 1 - South","Mission Bay","Outer Limits","39045","SIO",439,"F","1","STAGE 7"
"202412-1012-28054-GSPT-951","Greenspotted Rockfish","Sebastes chlorostictus","GSPT",8826010143,"2024","1012",2024-12-08,"District 2 - Channel","Channel Islands","Mirage","28054","UCSB",399,"M","1",NA
"202412-1012-39022-GSPT-747","Greenspotted Rockfish","Sebastes chlorostictus","GSPT",8826010143,"2024","1012",2024-12-11,"District 2 - Channel","Santa Barbara","Stardust","39022","UCSB",350,"F","1",NA
"202408-1012-28054-GSPT-505","Greenspotted Rockfish","Sebastes chlorostictus","GSPT",8826010143,"2024","1012",2024-08-30,"District 2 - Channel","Channel Islands","Mirage","28054","UCSB",339,"M","1",NA
"202311-1012-73873-GSPT-304","Greenspotted Rockfish","Sebastes chlorostictus","GSPT",8826010143,"2023","1012",2023-11-04,"District 3 - Central","Moss Landing","Last Meal","73873","MLML",330,"M","1",NA
"202408-1012-39045-GSPT-523","Greenspotted Rockfish","Sebastes chlorostictus","GSPT",8826010143,"2024","1012",2024-08-29,"District 1 - South","Mission Bay","Outer Limits","39045","SIO",380,"M","1",NA
"202412-1012-37797-GSPT-354","Greenspotted Rockfish","Sebastes chlorostictus","GSPT",8826010143,"2024","1012",2024-12-06,"District 3 - Central","Morro Bay","Black Pearl","37797","CP",240,"U","UNK",NA
"202410-1012-28054-GSPT-753","Greenspotted Rockfish","Sebastes chlorostictus","GSPT",8826010143,"2024","1012",2024-10-25,"District 2 - Channel","Channel Islands","Mirage","28054","UCSB",323,"F","1",NA
"202312-1012-16699-GSPT-987","Greenspotted Rockfish","Sebastes chlorostictus","GSPT",8826010143,"2023","1012",2023-12-18,"District 1 - South","Long Beach","Eldorado","16699","SIO",310,"M","1","LENGTH MEASUREMENTS SEEM ROUNDED TO THE WHOLE OR HALF MM"
"202406-1012-12758-GSPT-241","Greenspotted Rockfish","Sebastes chlorostictus","GSPT",8826010143,"2024","1012",2024-06-21,"District 2 - Channel","Santa Barbara","Coral Sea","12758","UCSB",325,"M","0",NA
"202410-1012-28054-GSPT-769","Greenspotted Rockfish","Sebastes chlorostictus","GSPT",8826010143,"2024","1012",2024-10-25,"District 2 - Channel","Channel Islands","Mirage","28054","UCSB",353,"M","1",NA
"202311-1012-73873-GSPT-325","Greenspotted Rockfish","Sebastes chlorostictus","GSPT",8826010143,"2023","1012",2023-11-24,"District 3 - Central","Moss Landing","Last Meal","73873","MLML",364,"M","1",NA
"202306-1012-29746-GSPT-441","Greenspotted Rockfish","Sebastes chlorostictus","GSPT",8826010143,"2023","1012",2023-06-16,"District 4 - San Francisco","Emeryville","Sea Wolf","29746","NMFS",303,"M","1","Dave & Neosha assigned sample # 290 , S"
"202311-1012-73873-GSPT-311","Greenspotted Rockfish","Sebastes chlorostictus","GSPT",8826010143,"2023","1012",2023-11-04,"District 3 - Central","Moss Landing","Last Meal","73873","MLML",209,"M","0",NA
"202412-1012-16699-GSPT-404","Greenspotted Rockfish","Sebastes chlorostictus","GSPT",8826010143,"2024","1012",2024-12-27,"District 1 - South","Long Beach","Eldorado","16699","NMFS",330,"M","0","NOT RIPE"
"202308-1012-12758-GSPT-228","Greenspotted Rockfish","Sebastes chlorostictus","GSPT",8826010143,"2023","1012",2023-08-26,"District 2 - Channel","Santa Barbara","Coral Sea","12758","UCSB",334,"M","1",NA
"202412-1012-28054-GSPT-478","Greenspotted Rockfish","Sebastes chlorostictus","GSPT",8826010143,"2024","1012",2024-12-15,"District 2 - Channel","Channel Islands","Mirage","28054","NMFS",385,"F","1","BLACK BLOTCHY SPOTS ON OVARIES"
"202412-1012-28054-GSPT-477","Greenspotted Rockfish","Sebastes chlorostictus","GSPT",8826010143,"2024","1012",2024-12-15,"District 2 - Channel","Channel Islands","Mirage","28054","NMFS",398,"M","1","RIPE"
"202306-1012-03233-GSPT-142","Greenspotted Rockfish","Sebastes chlorostictus","GSPT",8826010143,"2023","1012",2023-06-23,"District 1 - South","San Diego","Premier","03233","NMFS",347,"M","0","Dissected during SOCAL CCFRP training on 6/27 , S"
"202410-1012-28054-GSPT-605","Greenspotted Rockfish","Sebastes chlorostictus","GSPT",8826010143,"2024","1012",2024-10-13,"District 2 - Channel","Channel Islands","Mirage","28054","UCSB",335,"F","1",NA
"202410-1012-06810-GSPT-734","Greenspotted Rockfish","Sebastes chlorostictus","GSPT",8826010143,"2024","1012",2024-10-04,"District 5 - Wine","Fort Bragg","Kyndall Lynn","06810","BML",320,"F","0",NA
"202310-1012-73873-GSPT-239","Greenspotted Rockfish","Sebastes chlorostictus","GSPT",8826010143,"2023","1012",2023-10-02,"District 3 - Central","Moss Landing","Last Meal","73873","MLML",366,"M","1",NA
"202311-1012-39022-GSPT-452","Greenspotted Rockfish","Sebastes chlorostictus","GSPT",8826010143,"2023","1012",2023-11-21,"District 2 - Channel","Santa Barbara","Stardust","39022","UCSB",323,"F","1",NA
"202406-1012-28054-GSPT-299","Greenspotted Rockfish","Sebastes chlorostictus","GSPT",8826010143,"2024","1012",2024-06-22,"District 2 - Channel","Channel Islands","Mirage","28054","UCSB",354,"M","0",NA
"202412-1012-28054-GSPT-946","Greenspotted Rockfish","Sebastes chlorostictus","GSPT",8826010143,"2024","1012",2024-12-08,"District 2 - Channel","Channel Islands","Mirage","28054","UCSB",399,"M","1",NA
"202306-1012-37423-GSPT-403","Greenspotted Rockfish","Sebastes chlorostictus","GSPT",8826010143,"2023","1012",2023-06-26,"District 4 - San Francisco","Pillar Point","Queen of Hearts","37423","NMFS",330,"F","1","lengths rounded to every 5 mm?, Dave & Neosha assigned sample # 252 , S3"
"202406-1012-12758-GSPT-247","Greenspotted Rockfish","Sebastes chlorostictus","GSPT",8826010143,"2024","1012",2024-06-21,"District 2 - Channel","Santa Barbara","Coral Sea","12758","UCSB",350,"F","1",NA
"202410-1012-28054-GSPT-750","Greenspotted Rockfish","Sebastes chlorostictus","GSPT",8826010143,"2024","1012",2024-10-25,"District 2 - Channel","Channel Islands","Mirage","28054","UCSB",376,"M","1",NA
"202310-1012-39022-GSPT-403","Greenspotted Rockfish","Sebastes chlorostictus","GSPT",8826010143,"2023","1012",2023-10-29,"District 2 - Channel","Santa Barbara","Stardust","39022","UCSB",391,"F","1",NA
"202406-1012-04990-GSPT-225","Greenspotted Rockfish","Sebastes chlorostictus","GSPT",8826010143,"2024","1012",2024-06-12,"District 1 - South","Marina Del Rey","Betty-O","04990","SIO",240,"U","UNK","PERFORATED BUT - NO SEX"
"202311-1012-73873-GSPT-332","Greenspotted Rockfish","Sebastes chlorostictus","GSPT",8826010143,"2023","1012",2023-11-24,"District 3 - Central","Moss Landing","Last Meal","73873","MLML",310,"F","1","stage = 5"
"202404-1012-28054-GSPT-54","Greenspotted Rockfish","Sebastes chlorostictus","GSPT",8826010143,"2024","1012",2024-04-29,"District 2 - Channel","Channel Islands","Mirage","28054","UCSB",369,"M","1",NA
"202308-1012-12758-GSPT-248","Greenspotted Rockfish","Sebastes chlorostictus","GSPT",8826010143,"2023","1012",2023-08-26,"District 2 - Channel","Santa Barbara","Coral Sea","12758","UCSB",368,"F","1",NA
"202307-1012-73873-GSPT-10","Greenspotted Rockfish","Sebastes chlorostictus","GSPT",8826010143,"2023","1012",2023-07-03,"District 3 - Central","Moss Landing","Last Meal","73873","MLML",378,"M","UNK","gut punctured"
"202310-1012-03233-GSPT-493","Greenspotted Rockfish","Sebastes chlorostictus","GSPT",8826010143,"2023","1012",2023-10-16,"District 1 - South","San Diego","Premier","03233","SIO",376,"M","1",NA
"202412-1012-28054-GSPT-967","Greenspotted Rockfish","Sebastes chlorostictus","GSPT",8826010143,"2024","1012",2024-12-08,"District 2 - Channel","Channel Islands","Mirage","28054","UCSB",398,"M","1",NA
"202412-1012-16699-GSPT-395","Greenspotted Rockfish","Sebastes chlorostictus","GSPT",8826010143,"2024","1012",2024-12-16,"District 1 - South","Long Beach","Eldorado","16699","NMFS",330,"F","1","EARLY STAGE 2"
"202411-1012-28054-GSPT-972","Greenspotted Rockfish","Sebastes chlorostictus","GSPT",8826010143,"2024","1012",2024-11-30,"District 2 - Channel","Channel Islands","Mirage","28054","UCSB",384,"F","1",NA
"202412-1012-28054-GSPT-483","Greenspotted Rockfish","Sebastes chlorostictus","GSPT",8826010143,"2024","1012",2024-12-15,"District 2 - Channel","Channel Islands","Mirage","28054","NMFS",379,"F","1","STAGE 7"
"202404-1012-16699-GSPT-74","Greenspotted Rockfish","Sebastes chlorostictus","GSPT",8826010143,"2024","1012",2024-04-30,"District 1 - South","Long Beach","Eldorado","16699","SIO",410,"M","1","VESSEL CREW IDENTIFIED AS GREENBLOTCHED"
"202404-1012-06810-GSPT-10","Greenspotted Rockfish","Sebastes chlorostictus","GSPT",8826010143,"2024","1012",2024-04-25,"District 5 - Wine","Fort Bragg","Kyndall Lynn","06810","BML",306,"F","1","Frozen no fin clips collected"
"202412-1012-12758-GSPT-871","Greenspotted Rockfish","Sebastes chlorostictus","GSPT",8826010143,"2024","1012",2024-12-20,"District 2 - Channel","Santa Barbara","Coral Sea","12758","UCSB",396,"F","1",NA
"202411-1012-28054-GSPT-786","Greenspotted Rockfish","Sebastes chlorostictus","GSPT",8826010143,"2024","1012",2024-11-09,"District 2 - Channel","Channel Islands","Mirage","28054","UCSB",413,"M","1",NA
"202406-1012-12758-GSPT-222","Greenspotted Rockfish","Sebastes chlorostictus","GSPT",8826010143,"2024","1012",2024-06-21,"District 2 - Channel","Santa Barbara","Coral Sea","12758","UCSB",368,"F","1",NA
"202306-1012-37423-GSPT-291","Greenspotted Rockfish","Sebastes chlorostictus","GSPT",8826010143,"2023","1012",2023-06-22,"District 4 - San Francisco","Pillar Point","Queen of Hearts","37423","NMFS",340,"F","1","lengths rounded?, Dave & Neosha assigned sample # 140 , S7"
"202312-1012-16699-GSPT-990","Greenspotted Rockfish","Sebastes chlorostictus","GSPT",8826010143,"2023","1012",2023-12-18,"District 1 - South","Long Beach","Eldorado","16699","SIO",260,"M","1","LENGTH MEASUREMENTS SEEM ROUNDED TO THE WHOLE OR HALF MM"
"202406-1012-28054-GSPT-266","Greenspotted Rockfish","Sebastes chlorostictus","GSPT",8826010143,"2024","1012",2024-06-09,"District 2 - Channel","Channel Islands","Mirage","28054","UCSB",358,"M","1",NA
"202312-1012-16699-GSPT-989","Greenspotted Rockfish","Sebastes chlorostictus","GSPT",8826010143,"2023","1012",2023-12-27,"District 1 - South","Long Beach","Eldorado","16699","SIO",310,"F","1","LENGTH MEASUREMENTS SEEM ROUNDED TO THE WHOLE OR HALF MM, STAGE 2"
"202307-1012-73873-GSPT-11","Greenspotted Rockfish","Sebastes chlorostictus","GSPT",8826010143,"2023","1012",2023-07-03,"District 3 - Central","Moss Landing","Last Meal","73873","MLML",367,"U","UNK","gut punctured, no gonads present"
"202307-1012-73873-GSPT-13","Greenspotted Rockfish","Sebastes chlorostictus","GSPT",8826010143,"2023","1012",2023-07-03,"District 3 - Central","Moss Landing","Last Meal","73873","MLML",377,"F","1",NA
"202406-1012-12758-GSPT-216","Greenspotted Rockfish","Sebastes chlorostictus","GSPT",8826010143,"2024","1012",2024-06-21,"District 2 - Channel","Santa Barbara","Coral Sea","12758","UCSB",353,"F","1",NA
"202410-1012-39022-GSPT-663","Greenspotted Rockfish","Sebastes chlorostictus","GSPT",8826010143,"2024","1012",2024-10-17,"District 2 - Channel","Santa Barbara","Stardust","39022","UCSB",330,"F","1",NA
"202412-1012-28054-GSPT-481","Greenspotted Rockfish","Sebastes chlorostictus","GSPT",8826010143,"2024","1012",2024-12-15,"District 2 - Channel","Channel Islands","Mirage","28054","NMFS",405,"F","1","STAGE 7"
"202404-1012-28054-GSPT-58","Greenspotted Rockfish","Sebastes chlorostictus","GSPT",8826010143,"2024","1012",2024-04-29,"District 2 - Channel","Channel Islands","Mirage","28054","UCSB",364,"F","1",NA
"202412-1012-28054-GSPT-482","Greenspotted Rockfish","Sebastes chlorostictus","GSPT",8826010143,"2024","1012",2024-12-15,"District 2 - Channel","Channel Islands","Mirage","28054","NMFS",398,"F","1","STAGE 7"
"202311-1012-73873-GSPT-326","Greenspotted Rockfish","Sebastes chlorostictus","GSPT",8826010143,"2023","1012",2023-11-24,"District 3 - Central","Moss Landing","Last Meal","73873","MLML",363,"F","1","stage = 5"
"202311-1012-12758-GSPT-594","Greenspotted Rockfish","Sebastes chlorostictus","GSPT",8826010143,"2023","1012",2023-12-15,"District 2 - Channel","Santa Barbara","Coral Sea","12758","UCSB",315,"F","1",NA
"202311-1012-39022-GSPT-471","Greenspotted Rockfish","Sebastes chlorostictus","GSPT",8826010143,"2023","1012",2023-11-21,"District 2 - Channel","Santa Barbara","Stardust","39022","UCSB",292,"M","1",NA
"202310-1012-03233-GSPT-475","Greenspotted Rockfish","Sebastes chlorostictus","GSPT",8826010143,"2023","1012",2023-10-20,"District 1 - South","San Diego","Premier","03233","SIO",325,"M","1",NA
"202410-1012-06810-GSPT-736","Greenspotted Rockfish","Sebastes chlorostictus","GSPT",8826010143,"2024","1012",2024-10-04,"District 5 - Wine","Fort Bragg","Kyndall Lynn","06810","BML",251,"M","0",NA
"202308-1012-12758-GSPT-229","Greenspotted Rockfish","Sebastes chlorostictus","GSPT",8826010143,"2023","1012",2023-08-26,"District 2 - Channel","Santa Barbara","Coral Sea","12758","UCSB",350,"M","0",NA
"202311-1012-73873-GSPT-334","Greenspotted Rockfish","Sebastes chlorostictus","GSPT",8826010143,"2023","1012",2023-11-24,"District 3 - Central","Moss Landing","Last Meal","73873","MLML",223,"M","0",NA
"202312-1012-06810-GSPT-1080","Greenspotted Rockfish","Sebastes chlorostictus","GSPT",8826010143,"2023","1012",2023-12-14,"District 5 - Wine","Fort Bragg","Kyndall Lynn","06810","SIO",340,"M","1",NA
"202306-1012-29746-GSPT-437","Greenspotted Rockfish","Sebastes chlorostictus","GSPT",8826010143,"2023","1012",2023-06-16,"District 4 - San Francisco","Emeryville","Sea Wolf","29746","NMFS",315,"M","1","Dave & Neosha assigned sample # 286 , S"
"202411-1012-28054-GSPT-726","Greenspotted Rockfish","Sebastes chlorostictus","GSPT",8826010143,"2024","1012",2024-11-09,"District 2 - Channel","Channel Islands","Mirage","28054","UCSB",401,"M","1",NA
"202311-1012-03233-GSPT-740","Greenspotted Rockfish","Sebastes chlorostictus","GSPT",8826010143,"2023","1012",2023-11-21,"District 1 - South","San Diego","Premier","03233","SIO",291,"M","1",NA
"202410-1012-28054-GSPT-727","Greenspotted Rockfish","Sebastes chlorostictus","GSPT",8826010143,"2024","1012",2024-10-25,"District 2 - Channel","Channel Islands","Mirage","28054","UCSB",384,"F","1",NA
"202406-1012-39022-GSPT-302","Greenspotted Rockfish","Sebastes chlorostictus","GSPT",8826010143,"2024","1012",2024-06-30,"District 2 - Channel","Santa Barbara","Stardust","39022","UCSB",267,"F","1",NA
"202306-1012-37423-GSPT-405","Greenspotted Rockfish","Sebastes chlorostictus","GSPT",8826010143,"2023","1012",2023-06-26,"District 4 - San Francisco","Pillar Point","Queen of Hearts","37423","NMFS",290,"U","UNK","lengths rounded to every 5 mm?, no gonads, Dave & Neosha assigned sample # 254 , S"
"202306-1012-29746-GSPT-443","Greenspotted Rockfish","Sebastes chlorostictus","GSPT",8826010143,"2023","1012",2023-06-16,"District 4 - San Francisco","Emeryville","Sea Wolf","29746","NMFS",258,"F","0","Dave & Neosha assigned sample # 292 , S1"
"202307-1012-73873-GSPT-6","Greenspotted Rockfish","Sebastes chlorostictus","GSPT",8826010143,"2023","1012",2023-07-03,"District 3 - Central","Moss Landing","Last Meal","73873","MLML",347,"M","UNK","gut punctured"
"202406-1012-12758-GSPT-252","Greenspotted Rockfish","Sebastes chlorostictus","GSPT",8826010143,"2024","1012",2024-06-21,"District 2 - Channel","Santa Barbara","Coral Sea","12758","UCSB",326,"F","1","STINKER!"
"202306-1012-37423-GSPT-401","Greenspotted Rockfish","Sebastes chlorostictus","GSPT",8826010143,"2023","1012",2023-06-26,"District 4 - San Francisco","Pillar Point","Queen of Hearts","37423","NMFS",365,"F","1","lengths rounded to every 5 mm?, Dave & Neosha assigned sample # 250 , S4"
"202410-1012-12758-GSPT-699","Greenspotted Rockfish","Sebastes chlorostictus","GSPT",8826010143,"2024","1012",2024-10-27,"District 2 - Channel","Santa Barbara","Coral Sea","12758","UCSB",286,"M","1",NA
"202404-1012-06810-GSPT-22","Greenspotted Rockfish","Sebastes chlorostictus","GSPT",8826010143,"2024","1012",2024-04-20,"District 5 - Wine","Fort Bragg","Kyndall Lynn","06810","BML",395,"F","1","Frozen no fin clips collected"
"202411-1012-12758-GSPT-862","Greenspotted Rockfish","Sebastes chlorostictus","GSPT",8826010143,"2024","1012",2024-11-29,"District 2 - Channel","Santa Barbara","Coral Sea","12758","UCSB",364,"M","1",NA
"202411-1012-12758-GSPT-863","Greenspotted Rockfish","Sebastes chlorostictus","GSPT",8826010143,"2024","1012",2024-11-29,"District 2 - Channel","Santa Barbara","Coral Sea","12758","UCSB",324,"F","1",NA
"202307-1012-03233-GSPT-10","Greenspotted Rockfish","Sebastes chlorostictus","GSPT",8826010143,"2023","1012",2023-07-07,"District 1 - South","San Diego","Premier","03233","SIO",348,"M","0",NA
"202306-1012-29746-GSPT-439","Greenspotted Rockfish","Sebastes chlorostictus","GSPT",8826010143,"2023","1012",2023-06-16,"District 4 - San Francisco","Emeryville","Sea Wolf","29746","NMFS",236,"F","0","Dave & Neosha assigned sample # 288 , S1"
"202406-1012-28054-GSPT-258","Greenspotted Rockfish","Sebastes chlorostictus","GSPT",8826010143,"2024","1012",2024-06-09,"District 2 - Channel","Channel Islands","Mirage","28054","UCSB",396,"F","1",NA
"202310-1012-03233-GSPT-483","Greenspotted Rockfish","Sebastes chlorostictus","GSPT",8826010143,"2023","1012",2023-10-16,"District 1 - South","San Diego","Premier","03233","SIO",350,"M","1",NA
"202411-1012-12758-GSPT-853","Greenspotted Rockfish","Sebastes chlorostictus","GSPT",8826010143,"2024","1012",2024-11-29,"District 2 - Channel","Santa Barbara","Coral Sea","12758","UCSB",331,"M","1",NA
"202404-1012-16699-GSPT-71","Greenspotted Rockfish","Sebastes chlorostictus","GSPT",8826010143,"2024","1012",2024-04-05,"District 1 - South","Long Beach","Eldorado","16699","SIO",300,"F","1","VESSEL CREW IDENTIFIED AS GREENBLOTCHED"
"202412-1012-39022-GSPT-720","Greenspotted Rockfish","Sebastes chlorostictus","GSPT",8826010143,"2024","1012",2024-12-11,"District 2 - Channel","Santa Barbara","Stardust","39022","UCSB",247,"M","1",NA
"202412-1012-12758-GSPT-870","Greenspotted Rockfish","Sebastes chlorostictus","GSPT",8826010143,"2024","1012",2024-12-20,"District 2 - Channel","Santa Barbara","Coral Sea","12758","UCSB",367,"M","1",NA
"202310-1012-39022-GSPT-379","Greenspotted Rockfish","Sebastes chlorostictus","GSPT",8826010143,"2023","1012",2023-10-15,"District 2 - Channel","Santa Barbara","Stardust","39022","UCSB",266,"F","1","1 BROKEN OTOLITH"
"202410-1012-28054-GSPT-602","Greenspotted Rockfish","Sebastes chlorostictus","GSPT",8826010143,"2024","1012",2024-10-13,"District 2 - Channel","Channel Islands","Mirage","28054","UCSB",352,"F","1",NA
"202310-1012-73873-GSPT-247","Greenspotted Rockfish","Sebastes chlorostictus","GSPT",8826010143,"2023","1012",2023-10-02,"District 3 - Central","Moss Landing","Last Meal","73873","MLML",287,"U","UNK","gut punctured, no gonads"
"202310-1012-73873-GSPT-253","Greenspotted Rockfish","Sebastes chlorostictus","GSPT",8826010143,"2023","1012",2023-10-18,"District 3 - Central","Moss Landing","Last Meal","73873","MLML",406,"M","1",NA
"202410-1012-39022-GSPT-659","Greenspotted Rockfish","Sebastes chlorostictus","GSPT",8826010143,"2024","1012",2024-10-17,"District 2 - Channel","Santa Barbara","Stardust","39022","UCSB",333,"F","1",NA
"202412-1012-16699-GSPT-394","Greenspotted Rockfish","Sebastes chlorostictus","GSPT",8826010143,"2024","1012",2024-12-16,"District 1 - South","Long Beach","Eldorado","16699","NMFS",360,"F","1","EARLY STAGE 2"
"202308-1012-38325-GSPT-96","Greenspotted Rockfish","Sebastes chlorostictus","GSPT",8826010143,"2023","1012",2023-08-04,"District 3 - Central","Moss Landing","Kahuna","38325","MLML",380,"M","1",NA
"202307-1012-73873-GSPT-75","Greenspotted Rockfish","Sebastes chlorostictus","GSPT",8826010143,"2023","1012",2023-07-14,"District 3 - Central","Moss Landing","Last Meal","73873","MLML",330,"U","UNK","gut punctured"
"202306-1012-37423-GSPT-394","Greenspotted Rockfish","Sebastes chlorostictus","GSPT",8826010143,"2023","1012",2023-06-17,"District 4 - San Francisco","Pillar Point","Queen of Hearts","37423","NMFS",330,"M","0","lengths rounded to every 5 mm?, Dave & Neosha assigned sample # 243 , S"
"202307-1012-73873-GSPT-57","Greenspotted Rockfish","Sebastes chlorostictus","GSPT",8826010143,"2023","1012",2023-07-14,"District 3 - Central","Moss Landing","Last Meal","73873","MLML",378,"F","1","stage = 5"
"202306-1012-29746-GSPT-442","Greenspotted Rockfish","Sebastes chlorostictus","GSPT",8826010143,"2023","1012",2023-06-16,"District 4 - San Francisco","Emeryville","Sea Wolf","29746","NMFS",334,"M","1","Dave & Neosha assigned sample # 291 , S"
"202410-1012-73873-GSPT-625","Greenspotted Rockfish","Sebastes chlorostictus","GSPT",8826010143,"2024","1012",2024-10-04,"District 3 - Central","Moss Landing","Last Meal","73873","MLML",326,"M","1",NA
"202308-1012-73873-GSPT-127","Greenspotted Rockfish","Sebastes chlorostictus","GSPT",8826010143,"2023","1012",2023-08-09,"District 3 - Central","Moss Landing","Last Meal","73873","MLML",179,"M","0",NA
"202412-1012-28054-GSPT-966","Greenspotted Rockfish","Sebastes chlorostictus","GSPT",8826010143,"2024","1012",2024-12-08,"District 2 - Channel","Channel Islands","Mirage","28054","UCSB",330,"F","1",NA
"202310-1012-12758-GSPT-365","Greenspotted Rockfish","Sebastes chlorostictus","GSPT",8826010143,"2023","1012",2023-10-31,"District 2 - Channel","Santa Barbara","Coral Sea","12758","UCSB",423,"M","1",NA
"202311-1012-12758-GSPT-529","Greenspotted Rockfish","Sebastes chlorostictus","GSPT",8826010143,"2023","1012",2023-11-30,"District 2 - Channel","Santa Barbara","Coral Sea","12758","UCSB",384,"M","1",NA
"202411-1012-12758-GSPT-856","Greenspotted Rockfish","Sebastes chlorostictus","GSPT",8826010143,"2024","1012",2024-11-29,"District 2 - Channel","Santa Barbara","Coral Sea","12758","UCSB",354,"M","1",NA
"202404-1012-28054-GSPT-51","Greenspotted Rockfish","Sebastes chlorostictus","GSPT",8826010143,"2024","1012",2024-04-29,"District 2 - Channel","Channel Islands","Mirage","28054","UCSB",355,"F","1","SPEWING EGGS"
"202311-1012-12758-GSPT-531","Greenspotted Rockfish","Sebastes chlorostictus","GSPT",8826010143,"2023","1012",2023-11-30,"District 2 - Channel","Santa Barbara","Coral Sea","12758","UCSB",321,"M","0",NA
"202410-1012-06810-GSPT-695","Greenspotted Rockfish","Sebastes chlorostictus","GSPT",8826010143,"2024","1012",2024-10-19,"District 5 - Wine","Fort Bragg","Kyndall Lynn","06810","BML",392,"F","1",NA
"202307-1012-73873-GSPT-12","Greenspotted Rockfish","Sebastes chlorostictus","GSPT",8826010143,"2023","1012",2023-07-03,"District 3 - Central","Moss Landing","Last Meal","73873","MLML",375,"M","1",NA
"202410-1012-39022-GSPT-661","Greenspotted Rockfish","Sebastes chlorostictus","GSPT",8826010143,"2024","1012",2024-10-17,"District 2 - Channel","Santa Barbara","Stardust","39022","UCSB",287,"F","1",NA
"202412-1012-28054-GSPT-480","Greenspotted Rockfish","Sebastes chlorostictus","GSPT",8826010143,"2024","1012",2024-12-15,"District 2 - Channel","Channel Islands","Mirage","28054","NMFS",420,"M","1",NA
"202412-1012-39022-GSPT-746","Greenspotted Rockfish","Sebastes chlorostictus","GSPT",8826010143,"2024","1012",2024-12-11,"District 2 - Channel","Santa Barbara","Stardust","39022","UCSB",331,"M","1",NA
"202404-1012-16699-GSPT-69","Greenspotted Rockfish","Sebastes chlorostictus","GSPT",8826010143,"2024","1012",2024-04-05,"District 1 - South","Long Beach","Eldorado","16699","SIO",330,"M","1",NA
"202311-1012-39022-GSPT-482","Greenspotted Rockfish","Sebastes chlorostictus","GSPT",8826010143,"2023","1012",2023-11-12,"District 2 - Channel","Santa Barbara","Stardust","39022","UCSB",377,"F","1",NA
"202411-1012-28054-GSPT-781","Greenspotted Rockfish","Sebastes chlorostictus","GSPT",8826010143,"2024","1012",2024-11-09,"District 2 - Channel","Channel Islands","Mirage","28054","UCSB",387,"M","1",NA
"202404-1012-16699-GSPT-72","Greenspotted Rockfish","Sebastes chlorostictus","GSPT",8826010143,"2024","1012",2024-04-30,"District 1 - South","Long Beach","Eldorado","16699","SIO",400,"M","1",NA
"202406-1012-39022-GSPT-298","Greenspotted Rockfish","Sebastes chlorostictus","GSPT",8826010143,"2024","1012",2024-06-29,"District 2 - Channel","Santa Barbara","Stardust","39022","UCSB",335,"M","1",NA
"202410-1012-12758-GSPT-658","Greenspotted Rockfish","Sebastes chlorostictus","GSPT",8826010143,"2024","1012",2024-10-27,"District 2 - Channel","Santa Barbara","Coral Sea","12758","UCSB",311,"M","1",NA
"202406-1012-39022-GSPT-293","Greenspotted Rockfish","Sebastes chlorostictus","GSPT",8826010143,"2024","1012",2024-06-29,"District 2 - Channel","Santa Barbara","Stardust","39022","UCSB",305,"M","0",NA
"202311-1012-73873-GSPT-333","Greenspotted Rockfish","Sebastes chlorostictus","GSPT",8826010143,"2023","1012",2023-11-24,"District 3 - Central","Moss Landing","Last Meal","73873","MLML",271,"U","UNK","gut punctured"
"202412-1012-39022-GSPT-748","Greenspotted Rockfish","Sebastes chlorostictus","GSPT",8826010143,"2024","1012",2024-12-11,"District 2 - Channel","Santa Barbara","Stardust","39022","UCSB",295,"F","1",NA
"202411-1012-12758-GSPT-860","Greenspotted Rockfish","Sebastes chlorostictus","GSPT",8826010143,"2024","1012",2024-11-29,"District 2 - Channel","Santa Barbara","Coral Sea","12758","UCSB",334,"M","1",NA
"202306-1012-03233-GSPT-9","Greenspotted Rockfish","Sebastes chlorostictus","GSPT",8826010143,"2023","1012",2023-06-23,"District 1 - South","San Diego","Premier","03233","SIO",356,"U","UNK","Gut perforated - cannot sex"
"202312-1012-28054-GSPT-1143","Greenspotted Rockfish","Sebastes chlorostictus","GSPT",8826010143,"2023","1012",2023-12-16,"District 2 - Channel","Channel Islands","Mirage","28054","SIO",298,"F","1","STAGE 5"
"202412-1012-16699-GSPT-405","Greenspotted Rockfish","Sebastes chlorostictus","GSPT",8826010143,"2024","1012",2024-12-27,"District 1 - South","Long Beach","Eldorado","16699","NMFS",255,"M","1","RIPE"
"202306-1012-37423-GSPT-402","Greenspotted Rockfish","Sebastes chlorostictus","GSPT",8826010143,"2023","1012",2023-06-26,"District 4 - San Francisco","Pillar Point","Queen of Hearts","37423","NMFS",330,"F","1","lengths rounded to every 5 mm?, Dave & Neosha assigned sample # 251 , S3"
"202306-1012-37423-GSPT-392","Greenspotted Rockfish","Sebastes chlorostictus","GSPT",8826010143,"2023","1012",2023-06-17,"District 4 - San Francisco","Pillar Point","Queen of Hearts","37423","NMFS",280,"M","0","lengths rounded to every 5 mm?, Dave & Neosha assigned sample # 241 , S"
"202310-1012-06810-GSPT-1011","Greenspotted Rockfish","Sebastes chlorostictus","GSPT",8826010143,"2023","1012",2023-10-12,"District 5 - Wine","Fort Bragg","Kyndall Lynn","06810","SIO",360,"F","0",NA
"202412-1012-39022-GSPT-899","Greenspotted Rockfish","Sebastes chlorostictus","GSPT",8826010143,"2024","1012",2024-12-19,"District 2 - Channel","Santa Barbara","Stardust","39022","UCSB",272,"F","0",NA
"202310-1012-12758-GSPT-367","Greenspotted Rockfish","Sebastes chlorostictus","GSPT",8826010143,"2023","1012",2023-10-31,"District 2 - Channel","Santa Barbara","Coral Sea","12758","UCSB",349,"M","1",NA
"202412-1012-39022-GSPT-902","Greenspotted Rockfish","Sebastes chlorostictus","GSPT",8826010143,"2024","1012",2024-12-19,"District 2 - Channel","Santa Barbara","Stardust","39022","UCSB",245,"M","0",NA
"202310-1012-39022-GSPT-409","Greenspotted Rockfish","Sebastes chlorostictus","GSPT",8826010143,"2023","1012",2023-10-29,"District 2 - Channel","Santa Barbara","Stardust","39022","UCSB",378,"F","1",NA
"202410-1012-28054-GSPT-742","Greenspotted Rockfish","Sebastes chlorostictus","GSPT",8826010143,"2024","1012",2024-10-25,"District 2 - Channel","Channel Islands","Mirage","28054","UCSB",358,"M","1",NA
"202306-1012-29746-GSPT-438","Greenspotted Rockfish","Sebastes chlorostictus","GSPT",8826010143,"2023","1012",2023-06-16,"District 4 - San Francisco","Emeryville","Sea Wolf","29746","NMFS",255,"M","0","Dave & Neosha assigned sample # 287 , S"
"202411-1012-28054-GSPT-787","Greenspotted Rockfish","Sebastes chlorostictus","GSPT",8826010143,"2024","1012",2024-11-09,"District 2 - Channel","Channel Islands","Mirage","28054","UCSB",438,"M","1",NA
"202306-1012-37423-GSPT-393","Greenspotted Rockfish","Sebastes chlorostictus","GSPT",8826010143,"2023","1012",2023-06-17,"District 4 - San Francisco","Pillar Point","Queen of Hearts","37423","NMFS",340,"M","1","lengths rounded to every 5 mm?, Dave & Neosha assigned sample # 242 , S"
"202308-1012-12758-GSPT-238","Greenspotted Rockfish","Sebastes chlorostictus","GSPT",8826010143,"2023","1012",2023-08-26,"District 2 - Channel","Santa Barbara","Coral Sea","12758","UCSB",241,"M","0",NA
"202308-1012-12758-GSPT-237","Greenspotted Rockfish","Sebastes chlorostictus","GSPT",8826010143,"2023","1012",2023-08-26,"District 2 - Channel","Santa Barbara","Coral Sea","12758","UCSB",297,"M","0",NA
"202405-1012-12758-GSPT-174","Greenspotted Rockfish","Sebastes chlorostictus","GSPT",8826010143,"2024","1012",2024-05-29,"District 2 - Channel","Santa Barbara","Coral Sea","12758","UCSB",311,"M","0",NA
"202411-1012-28054-GSPT-779","Greenspotted Rockfish","Sebastes chlorostictus","GSPT",8826010143,"2024","1012",2024-11-09,"District 2 - Channel","Channel Islands","Mirage","28054","UCSB",516,"M","1",NA
"202411-1012-12758-GSPT-859","Greenspotted Rockfish","Sebastes chlorostictus","GSPT",8826010143,"2024","1012",2024-11-29,"District 2 - Channel","Santa Barbara","Coral Sea","12758","UCSB",308,"F","0",NA
"202412-1012-12758-GSPT-898","Greenspotted Rockfish","Sebastes chlorostictus","GSPT",8826010143,"2024","1012",2024-12-19,"District 2 - Channel","Santa Barbara","Coral Sea","12758","UCSB",236,"M","0",NA
"202311-1012-03233-GSPT-739","Greenspotted Rockfish","Sebastes chlorostictus","GSPT",8826010143,"2023","1012",2023-11-21,"District 1 - South","San Diego","Premier","03233","SIO",265,"F","0",NA
"202307-1012-03233-GSPT-8","Greenspotted Rockfish","Sebastes chlorostictus","GSPT",8826010143,"2023","1012",2023-07-07,"District 1 - South","San Diego","Premier","03233","SIO",365,"M","0",NA
"202412-1012-39022-GSPT-903","Greenspotted Rockfish","Sebastes chlorostictus","GSPT",8826010143,"2024","1012",2024-12-19,"District 2 - Channel","Santa Barbara","Stardust","39022","UCSB",256,"M","1",NA
"202404-1012-73873-GSPT-25","Greenspotted Rockfish","Sebastes chlorostictus","GSPT",8826010143,"2024","1012",2024-04-01,"District 3 - Central","Moss Landing","Last Meal","73873","MLML",328,"M","1",NA
"202306-1012-37423-GSPT-398","Greenspotted Rockfish","Sebastes chlorostictus","GSPT",8826010143,"2023","1012",2023-06-25,"District 4 - San Francisco","Pillar Point","Queen of Hearts","37423","NMFS",330,"M","UNK","lengths rounded to every 5 mm?, Dave & Neosha assigned sample # 247 , S"
"202306-1012-37423-GSPT-395","Greenspotted Rockfish","Sebastes chlorostictus","GSPT",8826010143,"2023","1012",2023-06-25,"District 4 - San Francisco","Pillar Point","Queen of Hearts","37423","NMFS",330,"U","UNK","lengths rounded to every 5 mm?, no gonads, Dave & Neosha assigned sample # 244 , S"
"202410-1012-28054-GSPT-775","Greenspotted Rockfish","Sebastes chlorostictus","GSPT",8826010143,"2024","1012",2024-10-25,"District 2 - Channel","Channel Islands","Mirage","28054","UCSB",369,"M","1",NA
"202311-1012-03233-GSPT-738","Greenspotted Rockfish","Sebastes chlorostictus","GSPT",8826010143,"2023","1012",2023-11-21,"District 1 - South","San Diego","Premier","03233","SIO",348,"F","1","STAGE 7"
"202412-1012-39022-GSPT-900","Greenspotted Rockfish","Sebastes chlorostictus","GSPT",8826010143,"2024","1012",2024-12-19,"District 2 - Channel","Santa Barbara","Stardust","39022","UCSB",220,"M","1",NA
"202306-1012-37423-GSPT-400","Greenspotted Rockfish","Sebastes chlorostictus","GSPT",8826010143,"2023","1012",2023-06-26,"District 4 - San Francisco","Pillar Point","Queen of Hearts","37423","NMFS",355,"F","1","lengths rounded to every 5 mm?, Dave & Neosha assigned sample # 249 , S4"
"202307-1012-73873-GSPT-8","Greenspotted Rockfish","Sebastes chlorostictus","GSPT",8826010143,"2023","1012",2023-07-03,"District 3 - Central","Moss Landing","Last Meal","73873","MLML",335,"F","1",NA
"202410-1012-12758-GSPT-656","Greenspotted Rockfish","Sebastes chlorostictus","GSPT",8826010143,"2024","1012",2024-10-27,"District 2 - Channel","Santa Barbara","Coral Sea","12758","UCSB",295,"M","1",NA
"202410-1012-06810-GSPT-714","Greenspotted Rockfish","Sebastes chlorostictus","GSPT",8826010143,"2024","1012",2024-10-04,"District 5 - Wine","Fort Bragg","Kyndall Lynn","06810","BML",247,"M","0",NA
"202410-1012-06810-GSPT-713","Greenspotted Rockfish","Sebastes chlorostictus","GSPT",8826010143,"2024","1012",2024-10-04,"District 5 - Wine","Fort Bragg","Kyndall Lynn","06810","BML",231,"M","1",NA
"202406-1012-16699-GSPT-161","Greenspotted Rockfish","Sebastes chlorostictus","GSPT",8826010143,"2024","1012",2024-06-01,"District 1 - South","Long Beach","Eldorado","16699","NMFS",400,"M","1",NA
"202406-1012-16699-GSPT-164","Greenspotted Rockfish","Sebastes chlorostictus","GSPT",8826010143,"2024","1012",2024-06-01,"District 1 - South","Long Beach","Eldorado","16699","NMFS",390,"M","1",NA
"202411-1012-28054-GSPT-778","Greenspotted Rockfish","Sebastes chlorostictus","GSPT",8826010143,"2024","1012",2024-11-09,"District 2 - Channel","Channel Islands","Mirage","28054","UCSB",389,"M","1",NA
"202310-1012-39022-GSPT-408","Greenspotted Rockfish","Sebastes chlorostictus","GSPT",8826010143,"2023","1012",2023-10-29,"District 2 - Channel","Santa Barbara","Stardust","39022","UCSB",393,"F","1",NA
"202306-1012-03233-GSPT-46","Greenspotted Rockfish","Sebastes chlorostictus","GSPT",8826010143,"2023","1012",2023-06-23,"District 1 - South","San Diego","Premier","03233","SIO",365,"F","1","Resting"
"202410-1012-12758-GSPT-657","Greenspotted Rockfish","Sebastes chlorostictus","GSPT",8826010143,"2024","1012",2024-10-27,"District 2 - Channel","Santa Barbara","Coral Sea","12758","UCSB",392,"M","1",NA
"202311-1012-12758-GSPT-527","Greenspotted Rockfish","Sebastes chlorostictus","GSPT",8826010143,"2023","1012",2023-11-30,"District 2 - Channel","Santa Barbara","Coral Sea","12758","UCSB",413,"F","1",NA
"202306-1012-37423-GSPT-399","Greenspotted Rockfish","Sebastes chlorostictus","GSPT",8826010143,"2023","1012",2023-06-26,"District 4 - San Francisco","Pillar Point","Queen of Hearts","37423","NMFS",330,"F","1","lengths rounded to every 5 mm?, Dave & Neosha assigned sample # 248 , S3"
"202404-1012-06810-GSPT-14","Greenspotted Rockfish","Sebastes chlorostictus","GSPT",8826010143,"2024","1012",2024-04-25,"District 5 - Wine","Fort Bragg","Kyndall Lynn","06810","BML",334,"M","0","Frozen no fin clips collected"
"202411-1012-12758-GSPT-858","Greenspotted Rockfish","Sebastes chlorostictus","GSPT",8826010143,"2024","1012",2024-11-29,"District 2 - Channel","Santa Barbara","Coral Sea","12758","UCSB",301,"F","0",NA
"202306-1012-37423-GSPT-397","Greenspotted Rockfish","Sebastes chlorostictus","GSPT",8826010143,"2023","1012",2023-06-25,"District 4 - San Francisco","Pillar Point","Queen of Hearts","37423","NMFS",350,"F","1","lengths rounded to every 5 mm?, Dave & Neosha assigned sample # 246 , S3"
"202310-1012-73873-GSPT-250","Greenspotted Rockfish","Sebastes chlorostictus","GSPT",8826010143,"2023","1012",2023-10-02,"District 3 - Central","Moss Landing","Last Meal","73873","MLML",244,"M","0",NA
"202306-1012-37423-GSPT-396","Greenspotted Rockfish","Sebastes chlorostictus","GSPT",8826010143,"2023","1012",2023-06-25,"District 4 - San Francisco","Pillar Point","Queen of Hearts","37423","NMFS",355,"F","1","lengths rounded to every 5 mm?, Dave & Neosha assigned sample # 245 , S3"
"202406-1012-16699-GSPT-163","Greenspotted Rockfish","Sebastes chlorostictus","GSPT",8826010143,"2024","1012",2024-06-01,"District 1 - South","Long Beach","Eldorado","16699","NMFS",390,"F","1","STAGE 2"
"202406-1012-39022-GSPT-289","Greenspotted Rockfish","Sebastes chlorostictus","GSPT",8826010143,"2024","1012",2024-06-29,"District 2 - Channel","Santa Barbara","Stardust","39022","UCSB",357,"M","1",NA
"202406-1012-16699-GSPT-162","Greenspotted Rockfish","Sebastes chlorostictus","GSPT",8826010143,"2024","1012",2024-06-01,"District 1 - South","Long Beach","Eldorado","16699","NMFS",410,"M","1",NA
"202412-1012-16699-GSPT-403","Greenspotted Rockfish","Sebastes chlorostictus","GSPT",8826010143,"2024","1012",2024-12-27,"District 1 - South","Long Beach","Eldorado","16699","NMFS",330,"F","1","EARLY STAGE 2"
